source,target,status
https://emanual.robotis.com/docs/en/all-dyd,https://docs.robotis.com/docs/dxl/model_reference/,301
https://emanual.robotis.com/docs/en/all-dyd/dyd-11,https://docs.robotis.com/docs/dxl/model_reference/dyd/dyd_11/,301
https://emanual.robotis.com/docs/en/all-dyd/dyd-14,https://docs.robotis.com/docs/dxl/model_reference/dyd/dyd_14/,301
https://emanual.robotis.com/docs/en/all-dyd/dyd-17,https://docs.robotis.com/docs/dxl/model_reference/dyd/dyd_17/,301
https://emanual.robotis.com/docs/en/dxl,https://docs.robotis.com/docs/dxl/model_reference/,301
https://emanual.robotis.com/docs/en/dxl/ax,https://docs.robotis.com/docs/dxl/model_reference/ax_series/,301
https://emanual.robotis.com/docs/en/dxl/ax/ax-12a,https://docs.robotis.com/docs/dxl/model_reference/ax_series/ax-12a/,301
https://emanual.robotis.com/docs/en/dxl/ax/ax-12w,https://docs.robotis.com/docs/dxl/model_reference/ax_series/ax-12w/,301
https://emanual.robotis.com/docs/en/dxl/ax/ax-18a,https://docs.robotis.com/docs/dxl/model_reference/ax_series/ax-18a/,301
https://emanual.robotis.com/docs/en/dxl/crc,https://docs.robotis.com/docs/dxl/protocol/crc/,301
https://emanual.robotis.com/docs/en/dxl/dx,https://docs.robotis.com/docs/dxl/model_reference/dx_series/,301
https://emanual.robotis.com/docs/en/dxl/dx/dx-113,https://docs.robotis.com/docs/dxl/model_reference/dx_series/dx-113/,301
https://emanual.robotis.com/docs/en/dxl/dx/dx-116,https://docs.robotis.com/docs/dxl/model_reference/dx_series/dx-116/,301
https://emanual.robotis.com/docs/en/dxl/dx/dx-117,https://docs.robotis.com/docs/dxl/model_reference/dx_series/dx-117/,301
https://emanual.robotis.com/docs/en/dxl/dxl-quick-start-guide,https://docs.robotis.com/docs/dxl/model_reference/,301
https://emanual.robotis.com/docs/en/dxl/dxl-quick-start-insert,https://docs.robotis.com/docs/dxl/model_reference/,301
https://emanual.robotis.com/docs/en/dxl/ex,https://docs.robotis.com/docs/dxl/model_reference/ex_series/,301
https://emanual.robotis.com/docs/en/dxl/ex/ex-106+,https://docs.robotis.com/docs/dxl/model_reference/ex_series/ex-106+/,301
https://emanual.robotis.com/docs/en/dxl/mx,https://docs.robotis.com/docs/dxl/model_reference/mx_series/,301
https://emanual.robotis.com/docs/en/dxl/mx/mx-106,https://docs.robotis.com/docs/dxl/model_reference/mx_series/mx-106/,301
https://emanual.robotis.com/docs/en/dxl/mx/mx-106-2,https://docs.robotis.com/docs/dxl/model_reference/mx_series/mx-106-2/,301
https://emanual.robotis.com/docs/en/dxl/mx/mx-12w,https://docs.robotis.com/docs/dxl/model_reference/mx_series/mx-12w/,301
https://emanual.robotis.com/docs/en/dxl/mx/mx-28,https://docs.robotis.com/docs/dxl/model_reference/mx_series/mx-28/,301
https://emanual.robotis.com/docs/en/dxl/mx/mx-28-2,https://docs.robotis.com/docs/dxl/model_reference/mx_series/mx-28-2/,301
https://emanual.robotis.com/docs/en/dxl/mx/mx-64,https://docs.robotis.com/docs/dxl/model_reference/mx_series/mx-64/,301
https://emanual.robotis.com/docs/en/dxl/mx/mx-64-2,https://docs.robotis.com/docs/dxl/model_reference/mx_series/mx-64-2/,301
https://emanual.robotis.com/docs/en/dxl/p,https://docs.robotis.com/docs/dxl/model_reference/p_series/,301
https://emanual.robotis.com/docs/en/dxl/p/ph42-020-s300-r,https://docs.robotis.com/docs/dxl/model_reference/p_series/ph42-020-s300-r/,301
https://emanual.robotis.com/docs/en/dxl/p/ph54-100-s500-r,https://docs.robotis.com/docs/dxl/model_reference/p_series/ph54-100-s500-r/,301
https://emanual.robotis.com/docs/en/dxl/p/ph54-200-s500-r,https://docs.robotis.com/docs/dxl/model_reference/p_series/ph54-200-s500-r/,301
https://emanual.robotis.com/docs/en/dxl/p/pm42-010-s260-r,https://docs.robotis.com/docs/dxl/model_reference/p_series/pm42-010-s260-r/,301
https://emanual.robotis.com/docs/en/dxl/p/pm54-040-s250-r,https://docs.robotis.com/docs/dxl/model_reference/p_series/pm54-040-s250-r/,301
https://emanual.robotis.com/docs/en/dxl/p/pm54-060-s250-r,https://docs.robotis.com/docs/dxl/model_reference/p_series/pm54-060-s250-r/,301
https://emanual.robotis.com/docs/en/dxl/pro,https://docs.robotis.com/docs/dxl/model_reference/pro_series/,301
https://emanual.robotis.com/docs/en/dxl/pro_h,https://docs.robotis.com/docs/dxl/model_reference/,301
https://emanual.robotis.com/docs/en/dxl/pro_l,https://docs.robotis.com/docs/dxl/model_reference/,301
https://emanual.robotis.com/docs/en/dxl/pro_m,https://docs.robotis.com/docs/dxl/model_reference/,301
https://emanual.robotis.com/docs/en/dxl/pro_plus,https://docs.robotis.com/docs/dxl/model_reference/p_series/,301
https://emanual.robotis.com/docs/en/dxl/pro_plus/h42p-020-s300-r,https://docs.robotis.com/docs/dxl/model_reference/p_series/ph42-020-s300-r/,301
https://emanual.robotis.com/docs/en/dxl/pro_plus/h54p-100-s500-r,https://docs.robotis.com/docs/dxl/model_reference/p_series/ph54-100-s500-r/,301
https://emanual.robotis.com/docs/en/dxl/pro_plus/h54p-200-s500-r,https://docs.robotis.com/docs/dxl/model_reference/p_series/ph54-200-s500-r/,301
https://emanual.robotis.com/docs/en/dxl/pro_plus/m42p-010-s260-r,https://docs.robotis.com/docs/dxl/model_reference/p_series/pm42-010-s260-r/,301
https://emanual.robotis.com/docs/en/dxl/pro_plus/m54p-040-s250-r,https://docs.robotis.com/docs/dxl/model_reference/p_series/pm54-040-s250-r/,301
https://emanual.robotis.com/docs/en/dxl/pro_plus/m54p-060-s250-r,https://docs.robotis.com/docs/dxl/model_reference/p_series/pm54-060-s250-r/,301
https://emanual.robotis.com/docs/en/dxl/pro/h42-20-s300-r,https://docs.robotis.com/docs/dxl/model_reference/pro_series/pro_h_series/h42-20-s300-r/,301
https://emanual.robotis.com/docs/en/dxl/pro/h42-20-s300-ra,https://docs.robotis.com/docs/dxl/model_reference/pro_series/pro_h_series/h42-20-s300-ra/,301
https://emanual.robotis.com/docs/en/dxl/pro/h54-100-s500-r,https://docs.robotis.com/docs/dxl/model_reference/pro_series/pro_h_series/h54-100-s500-r/,301
https://emanual.robotis.com/docs/en/dxl/pro/h54-100-s500-ra,https://docs.robotis.com/docs/dxl/model_reference/pro_series/pro_h_series/h54-100-s500-ra/,301
https://emanual.robotis.com/docs/en/dxl/pro/h54-200-s500-r,https://docs.robotis.com/docs/dxl/model_reference/pro_series/pro_h_series/h54-200-s500-r/,301
https://emanual.robotis.com/docs/en/dxl/pro/h54-200-s500-ra,https://docs.robotis.com/docs/dxl/model_reference/pro_series/pro_h_series/h54-200-s500-ra/,301
https://emanual.robotis.com/docs/en/dxl/pro/l42-10-s300-r,https://docs.robotis.com/docs/dxl/model_reference/pro_series/pro_l_series/l42-10-s300-r/,301
https://emanual.robotis.com/docs/en/dxl/pro/l54-30-s400-r,https://docs.robotis.com/docs/dxl/model_reference/pro_series/pro_l_series/l54-30-s400-r/,301
https://emanual.robotis.com/docs/en/dxl/pro/l54-30-s500-r,https://docs.robotis.com/docs/dxl/model_reference/pro_series/pro_l_series/l54-30-s500-r/,301
https://emanual.robotis.com/docs/en/dxl/pro/l54-50-s290-r,https://docs.robotis.com/docs/dxl/model_reference/pro_series/pro_l_series/l54-50-s290-r/,301
https://emanual.robotis.com/docs/en/dxl/pro/l54-50-s500-r,https://docs.robotis.com/docs/dxl/model_reference/pro_series/pro_l_series/l54-50-s500-r/,301
https://emanual.robotis.com/docs/en/dxl/pro/m42-10-s260-r,https://docs.robotis.com/docs/dxl/model_reference/pro_series/pro_m_series/m42-10-s260-r/,301
https://emanual.robotis.com/docs/en/dxl/pro/m42-10-s260-ra,https://docs.robotis.com/docs/dxl/model_reference/pro_series/pro_m_series/m42-10-s260-ra/,301
https://emanual.robotis.com/docs/en/dxl/pro/m54-40-s250-r,https://docs.robotis.com/docs/dxl/model_reference/pro_series/pro_m_series/m54-40-s250-r/,301
https://emanual.robotis.com/docs/en/dxl/pro/m54-40-s250-ra,https://docs.robotis.com/docs/dxl/model_reference/pro_series/pro_m_series/m54-40-s250-ra/,301
https://emanual.robotis.com/docs/en/dxl/pro/m54-60-s250-r,https://docs.robotis.com/docs/dxl/model_reference/pro_series/pro_m_series/m54-60-s250-r/,301
https://emanual.robotis.com/docs/en/dxl/pro/m54-60-s250-ra,https://docs.robotis.com/docs/dxl/model_reference/pro_series/pro_m_series/m54-60-s250-ra/,301
https://emanual.robotis.com/docs/en/dxl/protocol1,https://docs.robotis.com/docs/dxl/protocol/protocol1/,301
https://emanual.robotis.com/docs/en/dxl/protocol2,https://docs.robotis.com/docs/dxl/protocol/protocol2/,301
https://emanual.robotis.com/docs/en/dxl/rx,https://docs.robotis.com/docs/dxl/model_reference/rx_series/,301
https://emanual.robotis.com/docs/en/dxl/rx/rx-10,https://docs.robotis.com/docs/dxl/model_reference/rx_series/rx-10/,301
https://emanual.robotis.com/docs/en/dxl/rx/rx-24f,https://docs.robotis.com/docs/dxl/model_reference/rx_series/rx-24f/,301
https://emanual.robotis.com/docs/en/dxl/rx/rx-28,https://docs.robotis.com/docs/dxl/model_reference/rx_series/rx-28/,301
https://emanual.robotis.com/docs/en/dxl/rx/rx-64,https://docs.robotis.com/docs/dxl/model_reference/rx_series/rx-64/,301
https://emanual.robotis.com/docs/en/dxl/x,https://docs.robotis.com/docs/dxl/model_reference/x_series/,301
https://emanual.robotis.com/docs/en/dxl/x_c,https://docs.robotis.com/docs/dxl/model_reference/,301
https://emanual.robotis.com/docs/en/dxl/x_h,https://docs.robotis.com/docs/dxl/model_reference/,301
https://emanual.robotis.com/docs/en/dxl/x_l,https://docs.robotis.com/docs/dxl/model_reference/,301
https://emanual.robotis.com/docs/en/dxl/x_m,https://docs.robotis.com/docs/dxl/model_reference/,301
https://emanual.robotis.com/docs/en/dxl/x/2xc430-w250,https://docs.robotis.com/docs/dxl/model_reference/x_series/xc_series/2xc430-w250/,301
https://emanual.robotis.com/docs/en/dxl/x/2xl430-w250,https://docs.robotis.com/docs/dxl/model_reference/x_series/xl_series/2xl430-w250/,301
https://emanual.robotis.com/docs/en/dxl/x/xc330-m181,https://docs.robotis.com/docs/dxl/model_reference/x_series/xc_series/xc330-m181/,301
https://emanual.robotis.com/docs/en/dxl/x/xc330-m288,https://docs.robotis.com/docs/dxl/model_reference/x_series/xc_series/xc330-m288/,301
https://emanual.robotis.com/docs/en/dxl/x/xc330-t181,https://docs.robotis.com/docs/dxl/model_reference/x_series/xc_series/xc330-t181/,301
https://emanual.robotis.com/docs/en/dxl/x/xc330-t288,https://docs.robotis.com/docs/dxl/model_reference/x_series/xc_series/xc330-t288/,301
https://emanual.robotis.com/docs/en/dxl/x/xc430-t150bb,https://docs.robotis.com/docs/dxl/model_reference/x_series/xc_series/xc430-t150bb/,301
https://emanual.robotis.com/docs/en/dxl/x/xc430-t240bb,https://docs.robotis.com/docs/dxl/model_reference/x_series/xc_series/xc430-t240bb/,301
https://emanual.robotis.com/docs/en/dxl/x/xc430-w150,https://docs.robotis.com/docs/dxl/model_reference/x_series/xc_series/xc430-w150/,301
https://emanual.robotis.com/docs/en/dxl/x/xc430-w240,https://docs.robotis.com/docs/dxl/model_reference/x_series/xc_series/xc430-w240/,301
https://emanual.robotis.com/docs/en/dxl/x/xd430-t210,https://docs.robotis.com/docs/dxl/model_reference/x_series/xd_series/xd430-t210/,301
https://emanual.robotis.com/docs/en/dxl/x/xd430-t350,https://docs.robotis.com/docs/dxl/model_reference/x_series/xd_series/xd430-t350/,301
https://emanual.robotis.com/docs/en/dxl/x/xd540-t150,https://docs.robotis.com/docs/dxl/model_reference/x_series/xd_series/xd540-t150/,301
https://emanual.robotis.com/docs/en/dxl/x/xd540-t270,https://docs.robotis.com/docs/dxl/model_reference/x_series/xd_series/xd540-t270/,301
https://emanual.robotis.com/docs/en/dxl/x/xh430-v210,https://docs.robotis.com/docs/dxl/model_reference/x_series/xh_series/xh430-v210/,301
https://emanual.robotis.com/docs/en/dxl/x/xh430-v350,https://docs.robotis.com/docs/dxl/model_reference/x_series/xh_series/xh430-v350/,301
https://emanual.robotis.com/docs/en/dxl/x/xh430-w210,https://docs.robotis.com/docs/dxl/model_reference/x_series/xh_series/xh430-w210/,301
https://emanual.robotis.com/docs/en/dxl/x/xh430-w350,https://docs.robotis.com/docs/dxl/model_reference/x_series/xh_series/xh430-w350/,301
https://emanual.robotis.com/docs/en/dxl/x/xh540-v150,https://docs.robotis.com/docs/dxl/model_reference/x_series/xh_series/xh540-v150/,301
https://emanual.robotis.com/docs/en/dxl/x/xh540-v270,https://docs.robotis.com/docs/dxl/model_reference/x_series/xh_series/xh540-v270/,301
https://emanual.robotis.com/docs/en/dxl/x/xh540-w150,https://docs.robotis.com/docs/dxl/model_reference/x_series/xh_series/xh540-w150/,301
https://emanual.robotis.com/docs/en/dxl/x/xh540-w270,https://docs.robotis.com/docs/dxl/model_reference/x_series/xh_series/xh540-w270/,301
https://emanual.robotis.com/docs/en/dxl/x/xl320,https://docs.robotis.com/docs/dxl/model_reference/x_series/xl_series/xl320/,301
https://emanual.robotis.com/docs/en/dxl/x/xl330-m077,https://docs.robotis.com/docs/dxl/model_reference/x_series/xl_series/xl330-m077/,301
https://emanual.robotis.com/docs/en/dxl/x/xl330-m288,https://docs.robotis.com/docs/dxl/model_reference/x_series/xl_series/xl330-m288/,301
https://emanual.robotis.com/docs/en/dxl/x/xl430-w250,https://docs.robotis.com/docs/dxl/model_reference/x_series/xl_series/xl430-w250/,301
https://emanual.robotis.com/docs/en/dxl/x/xl430-w250-test,https://docs.robotis.com/docs/dxl/model_reference/,301
https://emanual.robotis.com/docs/en/dxl/x/xm335-t323,https://docs.robotis.com/docs/dxl/model_reference/x_series/xm_series/xm335-t323/,301
https://emanual.robotis.com/docs/en/dxl/x/xm430-w210,https://docs.robotis.com/docs/dxl/model_reference/x_series/xm_series/xm430-w210/,301
https://emanual.robotis.com/docs/en/dxl/x/xm430-w350,https://docs.robotis.com/docs/dxl/model_reference/x_series/xm_series/xm430-w350/,301
https://emanual.robotis.com/docs/en/dxl/x/xm540-w150,https://docs.robotis.com/docs/dxl/model_reference/x_series/xm_series/xm540-w150/,301
https://emanual.robotis.com/docs/en/dxl/x/xm540-w270,https://docs.robotis.com/docs/dxl/model_reference/x_series/xm_series/xm540-w270/,301
https://emanual.robotis.com/docs/en/dxl/x/xw430-t200,https://docs.robotis.com/docs/dxl/model_reference/x_series/xw_series/xw430-t200/,301
https://emanual.robotis.com/docs/en/dxl/x/xw430-t333,https://docs.robotis.com/docs/dxl/model_reference/x_series/xw_series/xw430-t333/,301
https://emanual.robotis.com/docs/en/dxl/x/xw540-h260,https://docs.robotis.com/docs/dxl/model_reference/x_series/xw_series/xw540-h260/,301
https://emanual.robotis.com/docs/en/dxl/x/xw540-t140,https://docs.robotis.com/docs/dxl/model_reference/x_series/xw_series/xw540-t140/,301
https://emanual.robotis.com/docs/en/dxl/x/xw540-t260,https://docs.robotis.com/docs/dxl/model_reference/x_series/xw_series/xw540-t260/,301
https://emanual.robotis.com/docs/en/dxl/y,https://docs.robotis.com/docs/dxl/model_reference/y_series/,301
https://emanual.robotis.com/docs/en/dxl/y/ym070-210-a051-rh,https://docs.robotis.com/docs/dxl/model_reference/y_series/ym070-210-a051-rh/,301
https://emanual.robotis.com/docs/en/dxl/y/ym070-210-a099-rh,https://docs.robotis.com/docs/dxl/model_reference/y_series/ym070-210-a099-rh/,301
https://emanual.robotis.com/docs/en/dxl/y/ym070-210-b001-rh,https://docs.robotis.com/docs/dxl/model_reference/y_series/ym070-210-b001-rh/,301
https://emanual.robotis.com/docs/en/dxl/y/ym070-210-m001-rh,https://docs.robotis.com/docs/dxl/model_reference/y_series/ym070-210-m001-rh/,301
https://emanual.robotis.com/docs/en/dxl/y/ym070-210-r051-rh,https://docs.robotis.com/docs/dxl/model_reference/y_series/ym070-210-r051-rh/,301
https://emanual.robotis.com/docs/en/dxl/y/ym070-210-r099-rh,https://docs.robotis.com/docs/dxl/model_reference/y_series/ym070-210-r099-rh/,301
https://emanual.robotis.com/docs/en/dxl/y/ym080-230-a051-rh,https://docs.robotis.com/docs/dxl/model_reference/y_series/ym080-230-a051-rh/,301
https://emanual.robotis.com/docs/en/dxl/y/ym080-230-a099-rh,https://docs.robotis.com/docs/dxl/model_reference/y_series/ym080-230-a099-rh/,301
https://emanual.robotis.com/docs/en/dxl/y/ym080-230-b001-rh,https://docs.robotis.com/docs/dxl/model_reference/y_series/ym080-230-b001-rh/,301
https://emanual.robotis.com/docs/en/dxl/y/ym080-230-m001-rh,https://docs.robotis.com/docs/dxl/model_reference/y_series/ym080-230-m001-rh/,301
https://emanual.robotis.com/docs/en/dxl/y/ym080-230-r051-rh,https://docs.robotis.com/docs/dxl/model_reference/y_series/ym080-230-r051-rh/,301
https://emanual.robotis.com/docs/en/dxl/y/ym080-230-r099-rh,https://docs.robotis.com/docs/dxl/model_reference/y_series/ym080-230-r099-rh/,301
https://emanual.robotis.com/docs/en/edu,https://docs.robotis.com/,301
https://emanual.robotis.com/docs/en/edu/bioloid,https://docs.robotis.com/docs/edu/bioloid/premium/,301
https://emanual.robotis.com/docs/en/edu/bioloid/beginner,https://docs.robotis.com/docs/edu/bioloid/premium/,301
https://emanual.robotis.com/docs/en/edu/bioloid/comprehensive,https://docs.robotis.com/docs/edu/bioloid/premium/,301
https://emanual.robotis.com/docs/en/edu/bioloid/gp,https://docs.robotis.com/docs/edu/bioloid/premium/,301
https://emanual.robotis.com/docs/en/edu/bioloid/premium,https://docs.robotis.com/docs/edu/bioloid/premium/,301
https://emanual.robotis.com/docs/en/edu/bioloid/stem,https://docs.robotis.com/docs/edu/bioloid/premium/,301
https://emanual.robotis.com/docs/en/edu/dream,https://docs.robotis.com/,301
https://emanual.robotis.com/docs/en/edu/dream/dream-a,https://docs.robotis.com/,301
https://emanual.robotis.com/docs/en/edu/dream/dream-b,https://docs.robotis.com/,301
https://emanual.robotis.com/docs/en/edu/dream/dream1-2,https://docs.robotis.com/,301
https://emanual.robotis.com/docs/en/edu/dream/dream1-3,https://docs.robotis.com/,301
https://emanual.robotis.com/docs/en/edu/dream/dream1-4,https://docs.robotis.com/,301
https://emanual.robotis.com/docs/en/edu/dream/dream2-1,https://docs.robotis.com/,301
https://emanual.robotis.com/docs/en/edu/dream/dream2-2,https://docs.robotis.com/,301
https://emanual.robotis.com/docs/en/edu/dream/dream2-3,https://docs.robotis.com/,301
https://emanual.robotis.com/docs/en/edu/dream/dream2-4,https://docs.robotis.com/,301
https://emanual.robotis.com/docs/en/edu/dream/dream2-5,https://docs.robotis.com/,301
https://emanual.robotis.com/docs/en/edu/dream/dream2-schoolset,https://docs.robotis.com/,301
https://emanual.robotis.com/docs/en/edu/engineer/kit1,https://docs.robotis.com/docs/edu/engineer/kit1/,301
https://emanual.robotis.com/docs/en/edu/engineer/kit1_main,https://docs.robotis.com/docs/edu/engineer/kit1/,301
https://emanual.robotis.com/docs/en/edu/engineer/kit2_advanced_course,https://docs.robotis.com/docs/edu/engineer/kit2_advanced_course/,301
https://emanual.robotis.com/docs/en/edu/engineer/kit2_introduction,https://docs.robotis.com/docs/edu/engineer/kit2_introduction/,301
https://emanual.robotis.com/docs/en/edu/engineer/kit2_quickstart,https://docs.robotis.com/docs/edu/engineer/kit2_quickstart/,301
https://emanual.robotis.com/docs/en/edu/engineer/kit2_reference,https://docs.robotis.com/docs/edu/engineer/kit2_reference/,301
https://emanual.robotis.com/docs/en/edu/mini,https://docs.robotis.com/,301
https://emanual.robotis.com/docs/en/edu/ollo/bugkit,https://docs.robotis.com/,301
https://emanual.robotis.com/docs/en/edu/ollo/explorer,https://docs.robotis.com/,301
https://emanual.robotis.com/docs/en/edu/ollo/inventor,https://docs.robotis.com/,301
https://emanual.robotis.com/docs/en/edu/play/play-300,https://docs.robotis.com/,301
https://emanual.robotis.com/docs/en/edu/play/play-600,https://docs.robotis.com/,301
https://emanual.robotis.com/docs/en/edu/play/play-700,https://docs.robotis.com/,301
https://emanual.robotis.com/docs/en/edu/pycm,https://docs.robotis.com/,301
https://emanual.robotis.com/docs/en/faq/cm_510_530_fuse,https://docs.robotis.com/docs/faq/cm_510_530_fuse/,301
https://emanual.robotis.com/docs/en/faq/download_task_code,https://docs.robotis.com/docs/faq/download_task_code/,301
https://emanual.robotis.com/docs/en/faq/faq_dynamixel,https://docs.robotis.com/docs/faq/faq_dynamixel/,301
https://emanual.robotis.com/docs/en/faq/faq_parts,https://docs.robotis.com/docs/faq/faq_parts/,301
https://emanual.robotis.com/docs/en/faq/faq_platform,https://docs.robotis.com/docs/faq/faq_platform/,301
https://emanual.robotis.com/docs/en/faq/faq_software,https://docs.robotis.com/docs/faq/faq_software/,301
https://emanual.robotis.com/docs/en/faq/faq_steam,https://docs.robotis.com/docs/faq/faq_steam/,301
https://emanual.robotis.com/docs/en/faq/general,https://docs.robotis.com/docs/faq/faq_general/,301
https://emanual.robotis.com/docs/en/faq/op,https://docs.robotis.com/docs/faq/op/,301
https://emanual.robotis.com/docs/en/file_path/lower_case_file_name_without_extension,https://docs.robotis.com/,301
https://emanual.robotis.com/docs/en/parts,https://docs.robotis.com/,301
https://emanual.robotis.com/docs/en/parts/all_communication,https://docs.robotis.com/,301
https://emanual.robotis.com/docs/en/parts/all_interfaces,https://docs.robotis.com/,301
https://emanual.robotis.com/docs/en/parts/all_sensors,https://docs.robotis.com/,301
https://emanual.robotis.com/docs/en/parts/all-controller,https://docs.robotis.com/,301
https://emanual.robotis.com/docs/en/parts/all-motor,https://docs.robotis.com/,301
https://emanual.robotis.com/docs/en/parts/communication/bt-110,https://docs.robotis.com/,301
https://emanual.robotis.com/docs/en/parts/communication/bt-210,https://docs.robotis.com/,301
https://emanual.robotis.com/docs/en/parts/communication/bt-410,https://docs.robotis.com/,301
https://emanual.robotis.com/docs/en/parts/communication/bt-410-dongle,https://docs.robotis.com/,301
https://emanual.robotis.com/docs/en/parts/communication/bt-430-dongle,https://docs.robotis.com/,301
https://emanual.robotis.com/docs/en/parts/communication/rc-100,https://docs.robotis.com/,301
https://emanual.robotis.com/docs/en/parts/communication/rc-200,https://docs.robotis.com/,301
https://emanual.robotis.com/docs/en/parts/communication/rc-300,https://docs.robotis.com/,301
https://emanual.robotis.com/docs/en/parts/communication/zig-110,https://docs.robotis.com/,301
https://emanual.robotis.com/docs/en/parts/communication/zig2serial,https://docs.robotis.com/,301
https://emanual.robotis.com/docs/en/parts/controller/cm-100,https://docs.robotis.com/docs/parts/controller/controller_compatibility/,301
https://emanual.robotis.com/docs/en/parts/controller/cm-150,https://docs.robotis.com/docs/parts/controller/controller_compatibility/,301
https://emanual.robotis.com/docs/en/parts/controller/cm-151,https://docs.robotis.com/docs/parts/controller/controller_compatibility/,301
https://emanual.robotis.com/docs/en/parts/controller/cm-200,https://docs.robotis.com/docs/parts/controller/controller_compatibility/,301
https://emanual.robotis.com/docs/en/parts/controller/cm-5,https://docs.robotis.com/docs/parts/controller/controller_compatibility/,301
https://emanual.robotis.com/docs/en/parts/controller/cm-50,https://docs.robotis.com/docs/parts/controller/controller_compatibility/,301
https://emanual.robotis.com/docs/en/parts/controller/cm-510,https://docs.robotis.com/docs/parts/controller/controller_compatibility/,301
https://emanual.robotis.com/docs/en/parts/controller/cm-530,https://docs.robotis.com/docs/parts/controller/cm-530/,301
https://emanual.robotis.com/docs/en/parts/controller/cm-550,https://docs.robotis.com/docs/parts/controller/cm-550/,301
https://emanual.robotis.com/docs/en/parts/controller/cm-700,https://docs.robotis.com/docs/parts/controller/controller_compatibility/,301
https://emanual.robotis.com/docs/en/parts/controller/cm-900,https://docs.robotis.com/docs/parts/controller/controller_compatibility/,301
https://emanual.robotis.com/docs/en/parts/controller/controller_compatibility,https://docs.robotis.com/docs/parts/controller/controller_compatibility/,301
https://emanual.robotis.com/docs/en/parts/controller/opencm485exp,https://docs.robotis.com/docs/parts/controller/controller_compatibility/,301
https://emanual.robotis.com/docs/en/parts/controller/opencm485exp_jp,https://docs.robotis.com/docs/parts/controller/controller_compatibility/,301
https://emanual.robotis.com/docs/en/parts/controller/opencm904,https://docs.robotis.com/docs/parts/controller/controller_compatibility/,301
https://emanual.robotis.com/docs/en/parts/controller/opencm904_jp,https://docs.robotis.com/docs/parts/controller/controller_compatibility/,301
https://emanual.robotis.com/docs/en/parts/controller/opencr10,https://docs.robotis.com/docs/parts/controller/opencr10/,301
https://emanual.robotis.com/docs/en/parts/controller/opencr10_jp,https://docs.robotis.com/docs/parts/controller/controller_compatibility/,301
https://emanual.robotis.com/docs/en/parts/controller/openrb-150,https://docs.robotis.com/docs/parts/controller/openrb-150/,301
https://emanual.robotis.com/docs/en/parts/controller/rb-86,https://docs.robotis.com/docs/parts/controller/controller_compatibility/,301
https://emanual.robotis.com/docs/en/parts/controller/rb-88,https://docs.robotis.com/docs/parts/controller/controller_compatibility/,301
https://emanual.robotis.com/docs/en/parts/display,https://docs.robotis.com/,301
https://emanual.robotis.com/docs/en/parts/display/lm-10,https://docs.robotis.com/,301
https://emanual.robotis.com/docs/en/parts/interface,https://docs.robotis.com/docs/parts/interface/u2d2/,301
https://emanual.robotis.com/docs/en/parts/interface/dxl_bridge,https://docs.robotis.com/docs/parts/interface/dxl_bridge/,301
https://emanual.robotis.com/docs/en/parts/interface/dynamixel_shield,https://docs.robotis.com/docs/parts/interface/dynamixel_shield/,301
https://emanual.robotis.com/docs/en/parts/interface/ln-101,https://docs.robotis.com/docs/parts/interface/u2d2/,301
https://emanual.robotis.com/docs/en/parts/interface/mkr_shield,https://docs.robotis.com/docs/parts/interface/mkr_shield/,301
https://emanual.robotis.com/docs/en/parts/interface/u2d2,https://docs.robotis.com/docs/parts/interface/u2d2/,301
https://emanual.robotis.com/docs/en/parts/interface/u2d2_power_hub,https://docs.robotis.com/docs/parts/interface/u2d2_power_hub/,301
https://emanual.robotis.com/docs/en/parts/interface/usb2dynamixel,https://docs.robotis.com/docs/parts/interface/u2d2/,301
https://emanual.robotis.com/docs/en/parts/motor,https://docs.robotis.com/,301
https://emanual.robotis.com/docs/en/parts/motor/gm-10a,https://docs.robotis.com/,301
https://emanual.robotis.com/docs/en/parts/motor/h_speed_geared_motor,https://docs.robotis.com/,301
https://emanual.robotis.com/docs/en/parts/motor/l_speed_geared_motor,https://docs.robotis.com/,301
https://emanual.robotis.com/docs/en/parts/motor/servo_motor,https://docs.robotis.com/,301
https://emanual.robotis.com/docs/en/parts/sensor,https://docs.robotis.com/,301
https://emanual.robotis.com/docs/en/parts/sensor/ax-s1,https://docs.robotis.com/,301
https://emanual.robotis.com/docs/en/parts/sensor/cs-10,https://docs.robotis.com/,301
https://emanual.robotis.com/docs/en/parts/sensor/dms-80,https://docs.robotis.com/,301
https://emanual.robotis.com/docs/en/parts/sensor/gs-12,https://docs.robotis.com/,301
https://emanual.robotis.com/docs/en/parts/sensor/ir-array,https://docs.robotis.com/,301
https://emanual.robotis.com/docs/en/parts/sensor/irss-10,https://docs.robotis.com/,301
https://emanual.robotis.com/docs/en/parts/sensor/mgss-10,https://docs.robotis.com/,301
https://emanual.robotis.com/docs/en/parts/sensor/pir-10,https://docs.robotis.com/,301
https://emanual.robotis.com/docs/en/parts/sensor/tps-10,https://docs.robotis.com/,301
https://emanual.robotis.com/docs/en/parts/sensor/ts-10,https://docs.robotis.com/,301
https://emanual.robotis.com/docs/en/platform,https://docs.robotis.com/,301
https://emanual.robotis.com/docs/en/platform/ai_manipulator_main,https://docs.robotis.com/,301
https://emanual.robotis.com/docs/en/platform/common/arduino_arduino_setup_linux,https://docs.robotis.com/docs/systems/op3/introduction/,301
https://emanual.robotis.com/docs/en/platform/common/arduino_examples_op3,https://docs.robotis.com/docs/systems/op3/arduino_examples_op3/,301
https://emanual.robotis.com/docs/en/platform/common/humanoid_navigation,https://docs.robotis.com/docs/systems/op3/humanoid_navigation/,301
https://emanual.robotis.com/docs/en/platform/common/op3_robot_operating_system,https://docs.robotis.com/docs/systems/op3/op3_robot_operating_system/,301
https://emanual.robotis.com/docs/en/platform/common/robotis_math,https://docs.robotis.com/docs/systems/op3/robotis_math/,301
https://emanual.robotis.com/docs/en/platform/manipulator_h/examples,https://docs.robotis.com/,301
https://emanual.robotis.com/docs/en/platform/manipulator_h/firmware_recovery,https://docs.robotis.com/,301
https://emanual.robotis.com/docs/en/platform/manipulator_h/getting_started,https://docs.robotis.com/,301
https://emanual.robotis.com/docs/en/platform/manipulator_h/introduction,https://docs.robotis.com/,301
https://emanual.robotis.com/docs/en/platform/manipulator_h/manipulator_ros_programming,https://docs.robotis.com/,301
https://emanual.robotis.com/docs/en/platform/manipulator_h/manipulator_sdk_programming,https://docs.robotis.com/,301
https://emanual.robotis.com/docs/en/platform/manipulator_h/references,https://docs.robotis.com/,301
https://emanual.robotis.com/docs/en/platform/manipulator_h/ros_example,https://docs.robotis.com/,301
https://emanual.robotis.com/docs/en/platform/manipulator_h/ros_reference,https://docs.robotis.com/,301
https://emanual.robotis.com/docs/en/platform/msgs/BalanceParam_msg,https://docs.robotis.com/docs/systems/thormang3/msgs/BalanceParam_msg/,301
https://emanual.robotis.com/docs/en/platform/msgs/DampingBalanceParam_msg,https://docs.robotis.com/docs/systems/thormang3/msgs/DampingBalanceParam_msg/,301
https://emanual.robotis.com/docs/en/platform/msgs/geometry_msgs_Pose_msg,https://docs.robotis.com/docs/systems/msgs/geometry_msgs_Pose_msg/,301
https://emanual.robotis.com/docs/en/platform/msgs/geometry_msgs_Pose2D_msg,https://docs.robotis.com/docs/systems/thormang3/msgs/geometry_msgs_Pose2D_msg/,301
https://emanual.robotis.com/docs/en/platform/msgs/GetPresentJointOffsetData_srv,https://docs.robotis.com/docs/systems/thormang3/msgs/GetPresentJointOffsetData_srv/,301
https://emanual.robotis.com/docs/en/platform/msgs/JointFeedBackGain_msg,https://docs.robotis.com/docs/systems/thormang3/msgs/JointFeedBackGain_msg/,301
https://emanual.robotis.com/docs/en/platform/msgs/JointOffsetPositionData_msg,https://docs.robotis.com/docs/systems/thormang3/msgs/JointOffsetPositionData_msg/,301
https://emanual.robotis.com/docs/en/platform/msgs/JointTorqueOnOff_msg,https://docs.robotis.com/docs/systems/thormang3/msgs/JointTorqueOnOff_msg/,301
https://emanual.robotis.com/docs/en/platform/msgs/JointTorqueOnOffArray_msg,https://docs.robotis.com/docs/systems/thormang3/msgs/JointTorqueOnOffArray_msg/,301
https://emanual.robotis.com/docs/en/platform/msgs/op3_GetPresentJointOffsetData_srv,https://docs.robotis.com/docs/systems/op3/msgs/op3_GetPresentJointOffsetData_srv/,301
https://emanual.robotis.com/docs/en/platform/msgs/op3_JointOffsetPositionData_msg,https://docs.robotis.com/docs/systems/op3/msgs/op3_JointOffsetPositionData_msg/,301
https://emanual.robotis.com/docs/en/platform/msgs/op3_JointTorqueOnOff_msg,https://docs.robotis.com/docs/systems/op3/msgs/op3_JointTorqueOnOff_msg/,301
https://emanual.robotis.com/docs/en/platform/msgs/op3_JointTorqueOnOffArray_msg,https://docs.robotis.com/docs/systems/op3/msgs/op3_JointTorqueOnOffArray_msg/,301
https://emanual.robotis.com/docs/en/platform/msgs/op3_KinematicsPose_msg,https://docs.robotis.com/docs/systems/op3/msgs/op3_KinematicsPose_msg/,301
https://emanual.robotis.com/docs/en/platform/msgs/op3_PreviewRequest_msg,https://docs.robotis.com/docs/systems/op3/msgs/op3_PreviewRequest_msg/,301
https://emanual.robotis.com/docs/en/platform/msgs/op3_PreviewResponse_msg,https://docs.robotis.com/docs/systems/op3/msgs/op3_PreviewResponse_msg/,301
https://emanual.robotis.com/docs/en/platform/msgs/op3_WalkingParam_msg,https://docs.robotis.com/docs/systems/op3/msgs/op3_WalkingParam_msg/,301
https://emanual.robotis.com/docs/en/platform/msgs/PoseXYZRPY_msg,https://docs.robotis.com/docs/systems/thormang3/msgs/PoseXYZRPY_msg/,301
https://emanual.robotis.com/docs/en/platform/msgs/PoseZRPY_msg,https://docs.robotis.com/docs/systems/thormang3/msgs/PoseZRPY_msg/,301
https://emanual.robotis.com/docs/en/platform/msgs/std_msgs_header,https://docs.robotis.com/docs/systems/msgs/std_msgs_header/,301
https://emanual.robotis.com/docs/en/platform/msgs/Step2D_msg,https://docs.robotis.com/docs/systems/thormang3/msgs/Step2D_msg/,301
https://emanual.robotis.com/docs/en/platform/msgs/Step2DArray_msg,https://docs.robotis.com/docs/systems/thormang3/msgs/Step2DArray_msg/,301
https://emanual.robotis.com/docs/en/platform/msgs/StepData_msg,https://docs.robotis.com/docs/systems/thormang3/msgs/StepData_msg/,301
https://emanual.robotis.com/docs/en/platform/msgs/StepPositionData_msg,https://docs.robotis.com/docs/systems/thormang3/msgs/StepPositionData_msg/,301
https://emanual.robotis.com/docs/en/platform/msgs/StepTimeData_msg,https://docs.robotis.com/docs/systems/thormang3/msgs/StepTimeData_msg/,301
https://emanual.robotis.com/docs/en/platform/omy/imitation_learning,https://docs.robotis.com/docs/systems/omy/imitation_learning/,301
https://emanual.robotis.com/docs/en/platform/omy/overview,https://docs.robotis.com/docs/systems/omy/imitation_learning/overview/,301
https://emanual.robotis.com/docs/en/platform/omy/quick_start_guide,https://docs.robotis.com/docs/systems/omy/quick_start_guide/setup_guide/,301
https://emanual.robotis.com/docs/en/platform/omy/ros2_operation,https://docs.robotis.com/docs/systems/omy/introduction/,301
https://emanual.robotis.com/docs/en/platform/omy/ros2_simulation,https://docs.robotis.com/docs/systems/omy/introduction/,301
https://emanual.robotis.com/docs/en/platform/omy/specification,https://docs.robotis.com/docs/systems/omy/introduction/,301
https://emanual.robotis.com/docs/en/platform/op/development,https://docs.robotis.com/,301
https://emanual.robotis.com/docs/en/platform/op/getting_started,https://docs.robotis.com/,301
https://emanual.robotis.com/docs/en/platform/op/maintenance,https://docs.robotis.com/,301
https://emanual.robotis.com/docs/en/platform/op/references,https://docs.robotis.com/,301
https://emanual.robotis.com/docs/en/platform/op/simulation,https://docs.robotis.com/,301
https://emanual.robotis.com/docs/en/platform/op2/getting_started,https://docs.robotis.com/,301
https://emanual.robotis.com/docs/en/platform/op2/ros_package,https://docs.robotis.com/,301
https://emanual.robotis.com/docs/en/platform/op3_JointPose_msg,https://docs.robotis.com/docs/systems/op3/msgs/op3_JointPose_msg/,301
https://emanual.robotis.com/docs/en/platform/op3/advanced_tutorials,https://docs.robotis.com/docs/systems/op3/advanced_tutorials/,301
https://emanual.robotis.com/docs/en/platform/op3/getting_started,https://docs.robotis.com/docs/systems/op3/getting_started/,301
https://emanual.robotis.com/docs/en/platform/op3/hardware,https://docs.robotis.com/docs/systems/op3/hardware/,301
https://emanual.robotis.com/docs/en/platform/op3/introduction,https://docs.robotis.com/docs/systems/op3/introduction/,301
https://emanual.robotis.com/docs/en/platform/op3/quick_start,https://docs.robotis.com/docs/systems/op3/quick_start/,301
https://emanual.robotis.com/docs/en/platform/op3/recovery,https://docs.robotis.com/docs/systems/op3/recovery/,301
https://emanual.robotis.com/docs/en/platform/op3/robotis_ros_packages,https://docs.robotis.com/docs/systems/op3/robotis_ros_packages/,301
https://emanual.robotis.com/docs/en/platform/op3/simulation,https://docs.robotis.com/docs/systems/op3/simulation/,301
https://emanual.robotis.com/docs/en/platform/op3/tutorials,https://docs.robotis.com/docs/systems/op3/tutorials/,301
https://emanual.robotis.com/docs/en/platform/openmanipulator,https://docs.robotis.com/docs/systems/openmanipulator_x/overview/,301
https://emanual.robotis.com/docs/en/platform/openmanipulator_p/getting_started,https://docs.robotis.com/docs/systems/openmanipulator_p/getting_started/,301
https://emanual.robotis.com/docs/en/platform/openmanipulator_p/overview,https://docs.robotis.com/docs/systems/openmanipulator_p/overview/,301
https://emanual.robotis.com/docs/en/platform/openmanipulator_p/ros_applications,https://docs.robotis.com/docs/systems/openmanipulator_p/ros/ros_applications/,301
https://emanual.robotis.com/docs/en/platform/openmanipulator_p/ros_controller_package,https://docs.robotis.com/docs/systems/openmanipulator_p/ros/ros_controller_package/,301
https://emanual.robotis.com/docs/en/platform/openmanipulator_p/ros_controls,https://docs.robotis.com/docs/systems/openmanipulator_p/ros/ros_controls/,301
https://emanual.robotis.com/docs/en/platform/openmanipulator_p/ros_manipulator_manager,https://docs.robotis.com/docs/systems/openmanipulator_p/ros/ros_manipulator_manager/,301
https://emanual.robotis.com/docs/en/platform/openmanipulator_p/ros_operation,https://docs.robotis.com/docs/systems/openmanipulator_p/ros/ros_operation/,301
https://emanual.robotis.com/docs/en/platform/openmanipulator_p/ros_perceptions,https://docs.robotis.com/docs/systems/openmanipulator_p/ros/ros_perceptions/,301
https://emanual.robotis.com/docs/en/platform/openmanipulator_p/ros_setup,https://docs.robotis.com/docs/systems/openmanipulator_p/ros/ros_setup/,301
https://emanual.robotis.com/docs/en/platform/openmanipulator_p/ros_simulation,https://docs.robotis.com/docs/systems/openmanipulator_p/ros/ros_simulation/,301
https://emanual.robotis.com/docs/en/platform/openmanipulator_p/ros_tools,https://docs.robotis.com/docs/systems/openmanipulator_p/overview/,301
https://emanual.robotis.com/docs/en/platform/openmanipulator_p/ros2_applications,https://docs.robotis.com/docs/systems/openmanipulator_p/ros2/ros2_applications/,301
https://emanual.robotis.com/docs/en/platform/openmanipulator_p/ros2_controller_package,https://docs.robotis.com/docs/systems/openmanipulator_p/ros2/ros2_controller_package/,301
https://emanual.robotis.com/docs/en/platform/openmanipulator_p/ros2_controls,https://docs.robotis.com/docs/systems/openmanipulator_p/ros2/ros2_controls/,301
https://emanual.robotis.com/docs/en/platform/openmanipulator_p/ros2_manipulator_manager,https://docs.robotis.com/docs/systems/openmanipulator_p/ros2/ros2_manipulator_manager/,301
https://emanual.robotis.com/docs/en/platform/openmanipulator_p/ros2_operation,https://docs.robotis.com/docs/systems/openmanipulator_p/ros2/ros2_operation/,301
https://emanual.robotis.com/docs/en/platform/openmanipulator_p/ros2_perceptions,https://docs.robotis.com/docs/systems/openmanipulator_p/ros2/ros2_perceptions/,301
https://emanual.robotis.com/docs/en/platform/openmanipulator_p/ros2_setup,https://docs.robotis.com/docs/systems/openmanipulator_p/ros2/ros2_setup/,301
https://emanual.robotis.com/docs/en/platform/openmanipulator_p/ros2_simulation,https://docs.robotis.com/docs/systems/openmanipulator_p/ros2/ros2_simulation/,301
https://emanual.robotis.com/docs/en/platform/openmanipulator_p/ros2_tools,https://docs.robotis.com/docs/systems/openmanipulator_p/ros2/ros2_tools/,301
https://emanual.robotis.com/docs/en/platform/openmanipulator_p/specification,https://docs.robotis.com/docs/systems/openmanipulator_p/specification/,301
https://emanual.robotis.com/docs/en/platform/openmanipulator_pro/overview,https://docs.robotis.com/docs/systems/openmanipulator_p/overview/,301
https://emanual.robotis.com/docs/en/platform/openmanipulator_x/assembly,https://docs.robotis.com/docs/systems/openmanipulator_x/assembly/,301
https://emanual.robotis.com/docs/en/platform/openmanipulator_x/friends,https://docs.robotis.com/docs/systems/openmanipulator_x/friends/,301
https://emanual.robotis.com/docs/en/platform/openmanipulator_x/getting_started,https://docs.robotis.com/docs/systems/openmanipulator_x/quick_start_guide/,301
https://emanual.robotis.com/docs/en/platform/openmanipulator_x/mobile_manipulation,https://docs.robotis.com/docs/systems/openmanipulator_x/mobile_manipulation/,301
https://emanual.robotis.com/docs/en/platform/openmanipulator_x/overview,https://docs.robotis.com/docs/systems/openmanipulator_x/overview/,301
https://emanual.robotis.com/docs/en/platform/openmanipulator_x/quick_start_guide,https://docs.robotis.com/docs/systems/openmanipulator_x/quick_start_guide/,301
https://emanual.robotis.com/docs/en/platform/openmanipulator_x/quick_start_guide_basic_operation,https://docs.robotis.com/docs/systems/openmanipulator_x/quick_start_guide/basic_operation/,301
https://emanual.robotis.com/docs/en/platform/openmanipulator_x/ros_applications,https://docs.robotis.com/docs/systems/openmanipulator_x/ros/ros_applications/,301
https://emanual.robotis.com/docs/en/platform/openmanipulator_x/ros_controller_check_setting,https://docs.robotis.com/docs/systems/openmanipulator_x/ros_controller/ros_controller_check_setting/,301
https://emanual.robotis.com/docs/en/platform/openmanipulator_x/ros_controller_experiment,https://docs.robotis.com/docs/systems/openmanipulator_x/ros_controller/ros_controller_experiment/,301
https://emanual.robotis.com/docs/en/platform/openmanipulator_x/ros_controller_msg,https://docs.robotis.com/docs/systems/openmanipulator_x/ros_controller/ros_controller_msg/,301
https://emanual.robotis.com/docs/en/platform/openmanipulator_x/ros_controller_package,https://docs.robotis.com/docs/systems/openmanipulator_x/ros_controller/ros_controller_package/,301
https://emanual.robotis.com/docs/en/platform/openmanipulator_x/ros_operation,https://docs.robotis.com/docs/systems/openmanipulator_x/ros/ros_operation/,301
https://emanual.robotis.com/docs/en/platform/openmanipulator_x/ros_perceptions,https://docs.robotis.com/docs/systems/openmanipulator_x/ros/ros_perceptions/,301
https://emanual.robotis.com/docs/en/platform/openmanipulator_x/ros_simulation,https://docs.robotis.com/docs/systems/openmanipulator_x/ros/ros_simulation/,301
https://emanual.robotis.com/docs/en/platform/openmanipulator_x/specification,https://docs.robotis.com/docs/systems/openmanipulator_x/specification/,301
https://emanual.robotis.com/docs/en/platform/openmanipulator_x/tool_modification,https://docs.robotis.com/docs/systems/openmanipulator_x/tool_modification/,301
https://emanual.robotis.com/docs/en/platform/rh_p12_rn,https://docs.robotis.com/docs/systems/rh_p12_rn/,301
https://emanual.robotis.com/docs/en/platform/rh_p12_rn_main,https://docs.robotis.com/docs/systems/rh_p12_rn/,301
https://emanual.robotis.com/docs/en/platform/rh_p12_rn_ur,https://docs.robotis.com/docs/systems/rh_p12_rn/rh_p12_rn_ur/,301
https://emanual.robotis.com/docs/en/platform/rh_p12_rn/examples,https://docs.robotis.com/docs/systems/rh_p12_rn/,301
https://emanual.robotis.com/docs/en/platform/rh_p12_rn/gazebo,https://docs.robotis.com/docs/systems/rh_p12_rn/,301
https://emanual.robotis.com/docs/en/platform/rh_p12_rna,https://docs.robotis.com/docs/systems/rh_p12_rn/,301
https://emanual.robotis.com/docs/en/platform/rh_p12_rna/examples,https://docs.robotis.com/docs/systems/rh_p12_rn/,301
https://emanual.robotis.com/docs/en/platform/rh_p12_rna/gazebo,https://docs.robotis.com/docs/systems/rh_p12_rn/,301
https://emanual.robotis.com/docs/en/platform/thormang3/gazebo_simulation,https://docs.robotis.com/docs/systems/thormang3/gazebo_simulation/,301
https://emanual.robotis.com/docs/en/platform/thormang3/getting_started,https://docs.robotis.com/docs/systems/thormang3/getting_started/,301
https://emanual.robotis.com/docs/en/platform/thormang3/introduction,https://docs.robotis.com/docs/systems/thormang3/introduction/,301
https://emanual.robotis.com/docs/en/platform/thormang3/quick_start,https://docs.robotis.com/docs/systems/thormang3/quick_start/,301
https://emanual.robotis.com/docs/en/platform/thormang3/references,https://docs.robotis.com/docs/systems/thormang3/references/,301
https://emanual.robotis.com/docs/en/platform/thormang3/thormang3_operation,https://docs.robotis.com/docs/systems/thormang3/thormang3_operation/,301
https://emanual.robotis.com/docs/en/platform/thormang3/thormang3_ros_packages,https://docs.robotis.com/docs/systems/thormang3/thormang3_ros_packages/,301
https://emanual.robotis.com/docs/en/platform/turtlebot3/additional_sensors,https://docs.robotis.com/docs/systems/turtlebot3/more_info/additional_sensors/,301
https://emanual.robotis.com/docs/en/platform/turtlebot3/appendix_dynamixel,https://docs.robotis.com/docs/systems/turtlebot3/more_info/dynamixel/,301
https://emanual.robotis.com/docs/en/platform/turtlebot3/appendix_ld08,https://docs.robotis.com/docs/systems/turtlebot3/more_info/lds_02/,301
https://emanual.robotis.com/docs/en/platform/turtlebot3/appendix_lds_01,https://docs.robotis.com/docs/systems/turtlebot3/more_info/lds_01/,301
https://emanual.robotis.com/docs/en/platform/turtlebot3/appendix_lds_02,https://docs.robotis.com/docs/systems/turtlebot3/more_info/lds_02/,301
https://emanual.robotis.com/docs/en/platform/turtlebot3/appendix_lds_03,https://docs.robotis.com/docs/systems/turtlebot3/more_info/lds_03/,301
https://emanual.robotis.com/docs/en/platform/turtlebot3/appendix_opencr1_0,https://docs.robotis.com/docs/systems/turtlebot3/more_info/opencr_1_0/,301
https://emanual.robotis.com/docs/en/platform/turtlebot3/appendix_raspi_cam,https://docs.robotis.com/docs/systems/turtlebot3/overview/,301
https://emanual.robotis.com/docs/en/platform/turtlebot3/appendix_realsense,https://docs.robotis.com/docs/systems/turtlebot3/more_info/realsense/,301
https://emanual.robotis.com/docs/en/platform/turtlebot3/appendixes,https://docs.robotis.com/docs/systems/turtlebot3/overview/,301
https://emanual.robotis.com/docs/en/platform/turtlebot3/applications,https://docs.robotis.com/docs/systems/turtlebot3/examples/applications/,301
https://emanual.robotis.com/docs/en/platform/turtlebot3/autonomous_driving,https://docs.robotis.com/docs/systems/turtlebot3/autonomous_driving/,301
https://emanual.robotis.com/docs/en/platform/turtlebot3/autonomous_driving_autorace,https://docs.robotis.com/docs/systems/turtlebot3/autonomous_driving/autorace/,301
https://emanual.robotis.com/docs/en/platform/turtlebot3/basic_examples,https://docs.robotis.com/docs/systems/turtlebot3/examples/basic_examples/,301
https://emanual.robotis.com/docs/en/platform/turtlebot3/basic_operation,https://docs.robotis.com/docs/systems/turtlebot3/quick_start_guide/basic_operation/,301
https://emanual.robotis.com/docs/en/platform/turtlebot3/bringup,https://docs.robotis.com/docs/systems/turtlebot3/quick_start_guide/bringup/,301
https://emanual.robotis.com/docs/en/platform/turtlebot3/challenges,https://docs.robotis.com/docs/systems/turtlebot3/overview/,301
https://emanual.robotis.com/docs/en/platform/turtlebot3/common_notice,https://docs.robotis.com/docs/systems/turtlebot3/overview/common_notice/,301
https://emanual.robotis.com/docs/en/platform/turtlebot3/compatible_devices,https://docs.robotis.com/docs/systems/turtlebot3/more_info/compatible_devices/,301
https://emanual.robotis.com/docs/en/platform/turtlebot3/contact_us,https://docs.robotis.com/docs/systems/turtlebot3/more_info/contact_us/,301
https://emanual.robotis.com/docs/en/platform/turtlebot3/deeplearning,https://docs.robotis.com/docs/systems/turtlebot3/overview/,301
https://emanual.robotis.com/docs/en/platform/turtlebot3/docker_container_setup,https://docs.robotis.com/docs/systems/turtlebot3/overview/,301
https://emanual.robotis.com/docs/en/platform/turtlebot3/export_turtlebot3_model,https://docs.robotis.com/docs/systems/turtlebot3/quick_start_guide/export_turtlebot3_model/,301
https://emanual.robotis.com/docs/en/platform/turtlebot3/fakenode_simulation,https://docs.robotis.com/docs/systems/turtlebot3/simulation/fake_node_simulation/,301
https://emanual.robotis.com/docs/en/platform/turtlebot3/faq,https://docs.robotis.com/docs/systems/turtlebot3/faq/,301
https://emanual.robotis.com/docs/en/platform/turtlebot3/features,https://docs.robotis.com/docs/systems/turtlebot3/features/,301
https://emanual.robotis.com/docs/en/platform/turtlebot3/hardware_setup,https://docs.robotis.com/docs/systems/turtlebot3/overview/,301
https://emanual.robotis.com/docs/en/platform/turtlebot3/home_service_challenge,https://docs.robotis.com/docs/systems/turtlebot3/manipulation/home_service_challenge/,301
https://emanual.robotis.com/docs/en/platform/turtlebot3/learn,https://docs.robotis.com/docs/systems/turtlebot3/learn/,301
https://emanual.robotis.com/docs/en/platform/turtlebot3/locomotion,https://docs.robotis.com/docs/systems/turtlebot3/overview/,301
https://emanual.robotis.com/docs/en/platform/turtlebot3/machine_learning,https://docs.robotis.com/docs/systems/turtlebot3/machine_learning/,301
https://emanual.robotis.com/docs/en/platform/turtlebot3/manipulation,https://docs.robotis.com/docs/systems/turtlebot3/manipulation/,301
https://emanual.robotis.com/docs/en/platform/turtlebot3/nav_simulation,https://docs.robotis.com/docs/systems/turtlebot3/overview/,301
https://emanual.robotis.com/docs/en/platform/turtlebot3/navigation,https://docs.robotis.com/docs/systems/turtlebot3/navigation/,301
https://emanual.robotis.com/docs/en/platform/turtlebot3/opencr_setup,https://docs.robotis.com/docs/systems/turtlebot3/quick_start_guide/opencr_setup/,301
https://emanual.robotis.com/docs/en/platform/turtlebot3/opensource,https://docs.robotis.com/docs/systems/turtlebot3/more_info/open_source/,301
https://emanual.robotis.com/docs/en/platform/turtlebot3/other_ros_versions,https://docs.robotis.com/docs/systems/turtlebot3/more_info/other_ros_versions/,301
https://emanual.robotis.com/docs/en/platform/turtlebot3/overview,https://docs.robotis.com/docs/systems/turtlebot3/overview/,301
https://emanual.robotis.com/docs/en/platform/turtlebot3/projects,https://docs.robotis.com/docs/systems/turtlebot3/learn/projects/,301
https://emanual.robotis.com/docs/en/platform/turtlebot3/quick-start,https://docs.robotis.com/docs/systems/turtlebot3/overview/,301
https://emanual.robotis.com/docs/en/platform/turtlebot3/sbc_setup,https://docs.robotis.com/docs/systems/turtlebot3/quick_start_guide/sbc_setup/,301
https://emanual.robotis.com/docs/en/platform/turtlebot3/simulation,https://docs.robotis.com/docs/systems/turtlebot3/simulation/slam_simulation/,301
https://emanual.robotis.com/docs/en/platform/turtlebot3/slam,https://docs.robotis.com/docs/systems/turtlebot3/slam/,301
https://emanual.robotis.com/docs/en/platform/turtlebot3/slam_simulation,https://docs.robotis.com/docs/systems/turtlebot3/simulation/slam_simulation/,301
https://emanual.robotis.com/docs/en/platform/turtlebot3/standalone_gazebo_simulation,https://docs.robotis.com/docs/systems/turtlebot3/simulation/standalone_gazebo_simulation/,301
https://emanual.robotis.com/docs/en/platform/turtlebot3/teleoperation,https://docs.robotis.com/docs/systems/turtlebot3/quick_start_guide/teleoperation/,301
https://emanual.robotis.com/docs/en/platform/turtlebot3/videos,https://docs.robotis.com/docs/systems/turtlebot3/learn/videos/,301
https://emanual.robotis.com/docs/en/popup/(op3_tuning_module_msgs)GetPresentJointOffsetData.srv,https://docs.robotis.com/docs/systems/op3/msgs/op3_tuning_module_msgs_GetPresentJointOffsetData_srv/,301
https://emanual.robotis.com/docs/en/popup/(op3_tuning_module_msgs)JointOffsetData.msg,https://docs.robotis.com/docs/systems/op3/msgs/op3_tuning_module_msgs_JointOffsetData_msg/,301
https://emanual.robotis.com/docs/en/popup/(op3_tuning_module_msgs)JointOffsetPositionData.msg,https://docs.robotis.com/docs/systems/op3/msgs/op3_tuning_module_msgs_JointOffsetPositionData_msg/,301
https://emanual.robotis.com/docs/en/popup/(op3_tuning_module_msgs)JointTorqueOnOff.msg,https://docs.robotis.com/docs/systems/op3/msgs/op3_tuning_module_msgs_JointTorqueOnOff_msg/,301
https://emanual.robotis.com/docs/en/popup/(op3_tuning_module_msgs)JointTorqueOnOffArray.msg,https://docs.robotis.com/docs/systems/op3/msgs/op3_tuning_module_msgs_JointTorqueOnOffArray_msg/,301
https://emanual.robotis.com/docs/en/popup/(thormang3_action_module_msgs)IsRunning.srv,https://docs.robotis.com/docs/systems/thormang3/msgs/thormang3_action_module_msgs_IsRunning_srv/,301
https://emanual.robotis.com/docs/en/popup/(thormang3_walking_module_msgs)IsRunning.srv,https://docs.robotis.com/docs/systems/thormang3/msgs/thormang3_walking_module_msgs_IsRunning_srv/,301
https://emanual.robotis.com/docs/en/popup/AddStepDataArray.srv,https://docs.robotis.com/docs/systems/thormang3/msgs/AddStepDataArray_srv/,301
https://emanual.robotis.com/docs/en/popup/arduino_api/available,https://docs.robotis.com/docs/software/arduino_ide/arduino_api/available/,301
https://emanual.robotis.com/docs/en/popup/arduino_api/availableData,https://docs.robotis.com/docs/software/arduino_ide/arduino_api/availableData/,301
https://emanual.robotis.com/docs/en/popup/arduino_api/availableEvent,https://docs.robotis.com/docs/software/arduino_ide/arduino_api/availableEvent/,301
https://emanual.robotis.com/docs/en/popup/arduino_api/begin,https://docs.robotis.com/docs/software/arduino_ide/arduino_api/begin/,301
https://emanual.robotis.com/docs/en/popup/arduino_api/bulkRead,https://docs.robotis.com/docs/software/arduino_ide/arduino_api/bulkRead/,301
https://emanual.robotis.com/docs/en/popup/arduino_api/bulkWrite,https://docs.robotis.com/docs/software/arduino_ide/arduino_api/bulkWrite/,301
https://emanual.robotis.com/docs/en/popup/arduino_api/flush,https://docs.robotis.com/docs/software/arduino_ide/arduino_api/flush/,301
https://emanual.robotis.com/docs/en/popup/arduino_api/flushRx,https://docs.robotis.com/docs/software/arduino_ide/arduino_api/flushRx/,301
https://emanual.robotis.com/docs/en/popup/arduino_api/getLastLibErrCode,https://docs.robotis.com/docs/software/arduino_ide/arduino_api/getLastLibErrCode/,301
https://emanual.robotis.com/docs/en/popup/arduino_api/getModelNumber,https://docs.robotis.com/docs/software/arduino_ide/arduino_api/getModelNumber/,301
https://emanual.robotis.com/docs/en/popup/arduino_api/getPortBaud,https://docs.robotis.com/docs/software/arduino_ide/arduino_api/getPortBaud/,301
https://emanual.robotis.com/docs/en/popup/arduino_api/getPresentCurrent,https://docs.robotis.com/docs/software/arduino_ide/arduino_api/getPresentCurrent/,301
https://emanual.robotis.com/docs/en/popup/arduino_api/getPresentPosition,https://docs.robotis.com/docs/software/arduino_ide/arduino_api/getPresentPosition/,301
https://emanual.robotis.com/docs/en/popup/arduino_api/getPresentPWM,https://docs.robotis.com/docs/software/arduino_ide/arduino_api/getPresentPWM/,301
https://emanual.robotis.com/docs/en/popup/arduino_api/getPresentVelocity,https://docs.robotis.com/docs/software/arduino_ide/arduino_api/getPresentVelocity/,301
https://emanual.robotis.com/docs/en/popup/arduino_api/getTorqueEnableStat,https://docs.robotis.com/docs/software/arduino_ide/arduino_api/getTorqueEnableStat/,301
https://emanual.robotis.com/docs/en/popup/arduino_api/ledOff,https://docs.robotis.com/docs/software/arduino_ide/arduino_api/ledOff/,301
https://emanual.robotis.com/docs/en/popup/arduino_api/ledOn,https://docs.robotis.com/docs/software/arduino_ide/arduino_api/ledOn/,301
https://emanual.robotis.com/docs/en/popup/arduino_api/peek,https://docs.robotis.com/docs/software/arduino_ide/arduino_api/peek/,301
https://emanual.robotis.com/docs/en/popup/arduino_api/ping,https://docs.robotis.com/docs/software/arduino_ide/arduino_api/ping/,301
https://emanual.robotis.com/docs/en/popup/arduino_api/rc100_begin,https://docs.robotis.com/docs/software/arduino_ide/arduino_api/rc100_begin/,301
https://emanual.robotis.com/docs/en/popup/arduino_api/rc100_read,https://docs.robotis.com/docs/software/arduino_ide/arduino_api/rc100_read/,301
https://emanual.robotis.com/docs/en/popup/arduino_api/rc100_write,https://docs.robotis.com/docs/software/arduino_ide/arduino_api/rc100_write/,301
https://emanual.robotis.com/docs/en/popup/arduino_api/read,https://docs.robotis.com/docs/software/arduino_ide/arduino_api/read/,301
https://emanual.robotis.com/docs/en/popup/arduino_api/readControlTableItem,https://docs.robotis.com/docs/software/arduino_ide/arduino_api/readControlTableItem/,301
https://emanual.robotis.com/docs/en/popup/arduino_api/readData,https://docs.robotis.com/docs/software/arduino_ide/arduino_api/readData/,301
https://emanual.robotis.com/docs/en/popup/arduino_api/readEvent,https://docs.robotis.com/docs/software/arduino_ide/arduino_api/readEvent/,301
https://emanual.robotis.com/docs/en/popup/arduino_api/scan,https://docs.robotis.com/docs/software/arduino_ide/arduino_api/scan/,301
https://emanual.robotis.com/docs/en/popup/arduino_api/setBaudrate,https://docs.robotis.com/docs/software/arduino_ide/arduino_api/setBaudrate/,301
https://emanual.robotis.com/docs/en/popup/arduino_api/setGoalCurrent,https://docs.robotis.com/docs/software/arduino_ide/arduino_api/setGoalCurrent/,301
https://emanual.robotis.com/docs/en/popup/arduino_api/setGoalPosition,https://docs.robotis.com/docs/software/arduino_ide/arduino_api/setGoalPosition/,301
https://emanual.robotis.com/docs/en/popup/arduino_api/setGoalPWM,https://docs.robotis.com/docs/software/arduino_ide/arduino_api/setGoalPWM/,301
https://emanual.robotis.com/docs/en/popup/arduino_api/setGoalVelocity,https://docs.robotis.com/docs/software/arduino_ide/arduino_api/setGoalVelocity/,301
https://emanual.robotis.com/docs/en/popup/arduino_api/setID,https://docs.robotis.com/docs/software/arduino_ide/arduino_api/setID/,301
https://emanual.robotis.com/docs/en/popup/arduino_api/setOperatingMode,https://docs.robotis.com/docs/software/arduino_ide/arduino_api/setOperatingMode/,301
https://emanual.robotis.com/docs/en/popup/arduino_api/setProtocol,https://docs.robotis.com/docs/software/arduino_ide/arduino_api/setProtocol/,301
https://emanual.robotis.com/docs/en/popup/arduino_api/syncRead,https://docs.robotis.com/docs/software/arduino_ide/arduino_api/syncRead/,301
https://emanual.robotis.com/docs/en/popup/arduino_api/syncWrite,https://docs.robotis.com/docs/software/arduino_ide/arduino_api/syncWrite/,301
https://emanual.robotis.com/docs/en/popup/arduino_api/torqueOff,https://docs.robotis.com/docs/software/arduino_ide/arduino_api/torqueOff/,301
https://emanual.robotis.com/docs/en/popup/arduino_api/torqueOn,https://docs.robotis.com/docs/software/arduino_ide/arduino_api/torqueOn/,301
https://emanual.robotis.com/docs/en/popup/arduino_api/write,https://docs.robotis.com/docs/software/arduino_ide/arduino_api/write/,301
https://emanual.robotis.com/docs/en/popup/arduino_api/writeControlTableItem,https://docs.robotis.com/docs/software/arduino_ide/arduino_api/writeControlTableItem/,301
https://emanual.robotis.com/docs/en/popup/BalanceParam.msg,https://docs.robotis.com/docs/systems/thormang3/msgs/BalanceParam_msg/,301
https://emanual.robotis.com/docs/en/popup/ball_detector_CircleSetStamped_msg,https://docs.robotis.com/docs/systems/op3/msgs/ball_detector_CircleSetStamped_msg/,301
https://emanual.robotis.com/docs/en/popup/BothWrench.msg,https://docs.robotis.com/docs/systems/thormang3/msgs/BothWrench_msg/,301
https://emanual.robotis.com/docs/en/popup/cable_compatibility,https://docs.robotis.com/docs/dxl/cable_compatibility/,301
https://emanual.robotis.com/docs/en/popup/DampingBalanceParam.msg,https://docs.robotis.com/docs/systems/thormang3/msgs/DampingBalanceParam_msg/,301
https://emanual.robotis.com/docs/en/popup/dream1-2_example_cn,https://docs.robotis.com/,301
https://emanual.robotis.com/docs/en/popup/dream1-3_example_cn,https://docs.robotis.com/,301
https://emanual.robotis.com/docs/en/popup/dream1-4_example_cn,https://docs.robotis.com/,301
https://emanual.robotis.com/docs/en/popup/dynamixel_workbench_msgs_DynamixelCommand,https://docs.robotis.com/docs/software/dynamixel_workbench/msgs/dynamixel_workbench_msgs_DynamixelCommand/,301
https://emanual.robotis.com/docs/en/popup/dynamixel_workbench_msgs_DynamixelInfo,https://docs.robotis.com/docs/software/dynamixel_workbench/msgs/dynamixel_workbench_msgs_DynamixelInfo/,301
https://emanual.robotis.com/docs/en/popup/dynamixel_workbench_msgs_DynamixelLoadInfo,https://docs.robotis.com/docs/software/dynamixel_workbench/msgs/dynamixel_workbench_msgs_DynamixelLoadInfo/,301
https://emanual.robotis.com/docs/en/popup/dynamixel_workbench_msgs_DynamixelState,https://docs.robotis.com/docs/software/dynamixel_workbench/msgs/dynamixel_workbench_msgs_DynamixelState/,301
https://emanual.robotis.com/docs/en/popup/dynamixel_workbench_msgs_DynamixelStateList,https://docs.robotis.com/docs/software/dynamixel_workbench/msgs/dynamixel_workbench_msgs_DynamixelStateList/,301
https://emanual.robotis.com/docs/en/popup/dynamixel_workbench_msgs_GetDynamixelInfo,https://docs.robotis.com/,301
https://emanual.robotis.com/docs/en/popup/engineer/connect_controller_mobile,https://docs.robotis.com/docs/edu/engineer/connect_controller_mobile/,301
https://emanual.robotis.com/docs/en/popup/engineer/connect_controller_pc,https://docs.robotis.com/docs/edu/engineer/connect_controller_pc/,301
https://emanual.robotis.com/docs/en/popup/engineer/engineer_app_installation,https://docs.robotis.com/docs/edu/engineer/engineer_app_installation/,301
https://emanual.robotis.com/docs/en/popup/engineer/motion_download_mobile,https://docs.robotis.com/docs/edu/engineer/motion_download_mobile/,301
https://emanual.robotis.com/docs/en/popup/engineer/motion_download_pc,https://docs.robotis.com/docs/edu/engineer/motion_download_pc/,301
https://emanual.robotis.com/docs/en/popup/engineer/python_download_pc,https://docs.robotis.com/docs/edu/engineer/python_download_pc/,301
https://emanual.robotis.com/docs/en/popup/engineer/task_download_mobile,https://docs.robotis.com/docs/edu/engineer/task_download_mobile/,301
https://emanual.robotis.com/docs/en/popup/engineer/task_download_pc,https://docs.robotis.com/docs/edu/engineer/task_download_pc/,301
https://emanual.robotis.com/docs/en/popup/faq_protocol_compatibility_table,https://docs.robotis.com/docs/dxl/protocol/faq_protocol_compatibility_table/,301
https://emanual.robotis.com/docs/en/popup/FootStepCommand.msg,https://docs.robotis.com/docs/systems/thormang3/msgs/FootStepCommand_msg/,301
https://emanual.robotis.com/docs/en/popup/general/change_system_preference_osx,https://docs.robotis.com/docs/faq/change_system_preference_osx/,301
https://emanual.robotis.com/docs/en/popup/general/cm_100_download_task,https://docs.robotis.com/docs/faq/cm_100_download_task/,301
https://emanual.robotis.com/docs/en/popup/general/cm_150_download_task,https://docs.robotis.com/docs/faq/cm_150_download_task/,301
https://emanual.robotis.com/docs/en/popup/general/cm_530_download_task,https://docs.robotis.com/docs/faq/cm_530_download_task/,301
https://emanual.robotis.com/docs/en/popup/geometry_msgs_Point_msg,https://docs.robotis.com/docs/systems/op3/msgs/geometry_msgs_Point_msg/,301
https://emanual.robotis.com/docs/en/popup/geometry_msgs_Pose_msg,https://docs.robotis.com/docs/systems/msgs/geometry_msgs_Pose_msg/,301
https://emanual.robotis.com/docs/en/popup/geometry_msgs_Pose2D_msg,https://docs.robotis.com/docs/systems/thormang3/msgs/geometry_msgs_Pose2D_msg/,301
https://emanual.robotis.com/docs/en/popup/geometry_msgs_PoseStamped_msg,https://docs.robotis.com/docs/systems/op3/msgs/geometry_msgs_PoseStamped_msg/,301
https://emanual.robotis.com/docs/en/popup/geometry_msgs_WrenchStamped_msg,https://docs.robotis.com/docs/systems/thormang3/msgs/geometry_msgs_WrenchStamped_msg/,301
https://emanual.robotis.com/docs/en/popup/GetJointModule.srv,https://docs.robotis.com/docs/systems/msgs/GetJointModule_srv/,301
https://emanual.robotis.com/docs/en/popup/GetJointPose.srv,https://docs.robotis.com/docs/systems/msgs/GetJointPose_srv/,301
https://emanual.robotis.com/docs/en/popup/GetKinematicsPose.srv,https://docs.robotis.com/docs/systems/msgs/GetKinematicsPose_srv/,301
https://emanual.robotis.com/docs/en/popup/GetPresentJointOffsetData.srv,https://docs.robotis.com/docs/systems/thormang3/msgs/GetPresentJointOffsetData_srv/,301
https://emanual.robotis.com/docs/en/popup/GetPresentJointOffsetData2.srv,https://docs.robotis.com/docs/systems/thormang3/msgs/GetPresentJointOffsetData2_srv/,301
https://emanual.robotis.com/docs/en/popup/GetReferenceStepData.srv,https://docs.robotis.com/docs/systems/thormang3/msgs/GetReferenceStepData_srv/,301
https://emanual.robotis.com/docs/en/popup/HeadJointPose.msg,https://docs.robotis.com/docs/systems/thormang3/msgs/HeadJointPose_msg/,301
https://emanual.robotis.com/docs/en/popup/how_to_set_smoothing_filter,https://docs.robotis.com/docs/software/dynamixel_workbench/how_to_set_smoothing_filter/,301
https://emanual.robotis.com/docs/en/popup/humanoid_nav_msgs_planfootsteps_srv,https://docs.robotis.com/docs/systems/thormang3/msgs/humanoid_nav_msgs_planfootsteps_srv/,301
https://emanual.robotis.com/docs/en/popup/JointCtrlModule.msg,https://docs.robotis.com/docs/systems/msgs/JointCtrlModule_msg/,301
https://emanual.robotis.com/docs/en/popup/JointFeedBackGain.msg,https://docs.robotis.com/docs/systems/thormang3/msgs/JointFeedBackGain_msg/,301
https://emanual.robotis.com/docs/en/popup/JointOffsetData.msg,https://docs.robotis.com/docs/systems/thormang3/msgs/JointOffsetData_msg/,301
https://emanual.robotis.com/docs/en/popup/JointOffsetData2.msg,https://docs.robotis.com/docs/systems/thormang3/msgs/JointOffsetData2_msg/,301
https://emanual.robotis.com/docs/en/popup/JointOffsetPositionData.msg,https://docs.robotis.com/docs/systems/thormang3/msgs/JointOffsetPositionData_msg/,301
https://emanual.robotis.com/docs/en/popup/JointOffsetPositionData2.msg,https://docs.robotis.com/docs/systems/thormang3/msgs/JointOffsetPositionData2_msg/,301
https://emanual.robotis.com/docs/en/popup/JointOverload.msg,https://docs.robotis.com/docs/systems/thormang3/msgs/JointOverload_msg/,301
https://emanual.robotis.com/docs/en/popup/JointOverloadStatus.msg,https://docs.robotis.com/docs/systems/thormang3/msgs/JointOverloadStatus_msg/,301
https://emanual.robotis.com/docs/en/popup/JointPose.msg,https://docs.robotis.com/docs/systems/msgs/JointPose_msg/,301
https://emanual.robotis.com/docs/en/popup/JointsOffsetPositionData.msg,https://docs.robotis.com/docs/systems/thormang3/msgs/JointsOffsetPositionData_msg/,301
https://emanual.robotis.com/docs/en/popup/JointTorqueOnOff.msg,https://docs.robotis.com/docs/systems/thormang3/msgs/JointTorqueOnOff_msg/,301
https://emanual.robotis.com/docs/en/popup/JointTorqueOnOff2.msg,https://docs.robotis.com/docs/systems/thormang3/msgs/JointTorqueOnOff2_msg/,301
https://emanual.robotis.com/docs/en/popup/JointTorqueOnOffArray.msg,https://docs.robotis.com/docs/systems/thormang3/msgs/JointTorqueOnOffArray_msg/,301
https://emanual.robotis.com/docs/en/popup/JointTorqueOnOffArray2.msg,https://docs.robotis.com/docs/systems/thormang3/msgs/JointTorqueOnOffArray2_msg/,301
https://emanual.robotis.com/docs/en/popup/KinematicsPose.msg,https://docs.robotis.com/docs/systems/msgs/KinematicsPose_msg/,301
https://emanual.robotis.com/docs/en/popup/laser_assembler_AssembleScan2_srv,https://docs.robotis.com/docs/systems/thormang3/msgs/laser_assembler_AssembleScan2_srv/,301
https://emanual.robotis.com/docs/en/popup/LoadOffset.srv,https://docs.robotis.com/docs/systems/msgs/LoadOffset_srv/,301
https://emanual.robotis.com/docs/en/popup/mini_example_cn,https://docs.robotis.com/,301
https://emanual.robotis.com/docs/en/popup/motion_module_tutorial_CMakeLists.txt,https://docs.robotis.com/,301
https://emanual.robotis.com/docs/en/popup/motion_module_tutorial_package.xml,https://docs.robotis.com/,301
https://emanual.robotis.com/docs/en/popup/motion_module_tutorial.cpp,https://docs.robotis.com/,301
https://emanual.robotis.com/docs/en/popup/motion_module_tutorial.h,https://docs.robotis.com/,301
https://emanual.robotis.com/docs/en/popup/moveit_msgs_DisplayTrajectory_msg,https://docs.robotis.com/docs/systems/openmanipulator_p/msgs/moveit_msgs_DisplayTrajectory_msg/,301
https://emanual.robotis.com/docs/en/popup/moveit_msgs_ExecuteTrajectory_action,https://docs.robotis.com/docs/systems/openmanipulator_p/msgs/moveit_msgs_ExecuteTrajectory_action/,301
https://emanual.robotis.com/docs/en/popup/moveit_msgs_MoveGroup_action,https://docs.robotis.com/docs/systems/openmanipulator_p/msgs/moveit_msgs_MoveGroup_action/,301
https://emanual.robotis.com/docs/en/popup/op3_base_module_ini_pose.yaml,https://docs.robotis.com/docs/systems/op3/op3_base_module_ini_pose_yaml/,301
https://emanual.robotis.com/docs/en/popup/op3_FootStepArray.msg,https://docs.robotis.com/docs/systems/op3/msgs/op3_FootStepArray_msg/,301
https://emanual.robotis.com/docs/en/popup/op3_FootStepCommand.msg,https://docs.robotis.com/docs/systems/op3/msgs/op3_FootStepCommand_msg/,301
https://emanual.robotis.com/docs/en/popup/op3_GetJointPose.srv,https://docs.robotis.com/docs/systems/op3/msgs/op3_GetJointPose_srv/,301
https://emanual.robotis.com/docs/en/popup/op3_GetKinematicsPose.srv,https://docs.robotis.com/docs/systems/op3/msgs/op3_GetKinematicsPose_srv/,301
https://emanual.robotis.com/docs/en/popup/op3_GetPresentJointOffsetData.srv,https://docs.robotis.com/docs/systems/op3/msgs/op3_GetPresentJointOffsetData_srv/,301
https://emanual.robotis.com/docs/en/popup/op3_GetPreviewMatrix.srv,https://docs.robotis.com/docs/systems/op3/msgs/op3_GetPreviewMatrix_srv/,301
https://emanual.robotis.com/docs/en/popup/op3_GetWalkingParam.srv,https://docs.robotis.com/docs/systems/op3/msgs/op3_GetWalkingParam_srv/,301
https://emanual.robotis.com/docs/en/popup/op3_IsRunning.srv,https://docs.robotis.com/docs/systems/op3/msgs/op3_IsRunning_srv/,301
https://emanual.robotis.com/docs/en/popup/op3_JointOffsetData.msg,https://docs.robotis.com/docs/systems/op3/msgs/op3_JointOffsetData_msg/,301
https://emanual.robotis.com/docs/en/popup/op3_JointOffsetPositionData.msg,https://docs.robotis.com/docs/systems/op3/msgs/op3_JointOffsetPositionData_msg/,301
https://emanual.robotis.com/docs/en/popup/op3_JointPose.msg,https://docs.robotis.com/docs/systems/op3/msgs/op3_JointPose_msg/,301
https://emanual.robotis.com/docs/en/popup/op3_JointTorqueOnOff.msg,https://docs.robotis.com/docs/systems/op3/msgs/op3_JointTorqueOnOff_msg/,301
https://emanual.robotis.com/docs/en/popup/op3_JointTorqueOnOffArray.msg,https://docs.robotis.com/docs/systems/op3/msgs/op3_JointTorqueOnOffArray_msg/,301
https://emanual.robotis.com/docs/en/popup/op3_KinematicsPose.msg,https://docs.robotis.com/docs/systems/op3/msgs/op3_KinematicsPose_msg/,301
https://emanual.robotis.com/docs/en/popup/op3_online_WalkingParam.msg,https://docs.robotis.com/docs/systems/op3/msgs/op3_online_WalkingParam_msg/,301
https://emanual.robotis.com/docs/en/popup/op3_PreviewRequest.msg,https://docs.robotis.com/docs/systems/op3/msgs/op3_PreviewRequest_msg/,301
https://emanual.robotis.com/docs/en/popup/op3_PreviewResponse.msg,https://docs.robotis.com/docs/systems/op3/msgs/op3_PreviewResponse_msg/,301
https://emanual.robotis.com/docs/en/popup/op3_ros2/(op3_tuning_module_msgs)GetPresentJointOffsetData.srv,https://docs.robotis.com/docs/systems/op3/msgs/op3_tuning_module_msgs_GetPresentJointOffsetData_srv/,301
https://emanual.robotis.com/docs/en/popup/op3_ros2/(op3_tuning_module_msgs)JointOffsetData.msg,https://docs.robotis.com/docs/systems/op3/msgs/op3_tuning_module_msgs_JointOffsetData_msg/,301
https://emanual.robotis.com/docs/en/popup/op3_ros2/(op3_tuning_module_msgs)JointOffsetPositionData.msg,https://docs.robotis.com/docs/systems/op3/msgs/op3_tuning_module_msgs_JointOffsetPositionData_msg/,301
https://emanual.robotis.com/docs/en/popup/op3_ros2/(op3_tuning_module_msgs)JointTorqueOnOff.msg,https://docs.robotis.com/docs/systems/op3/msgs/op3_tuning_module_msgs_JointTorqueOnOff_msg/,301
https://emanual.robotis.com/docs/en/popup/op3_ros2/(op3_tuning_module_msgs)JointTorqueOnOffArray.msg,https://docs.robotis.com/docs/systems/op3/msgs/op3_tuning_module_msgs_JointTorqueOnOffArray_msg/,301
https://emanual.robotis.com/docs/en/popup/op3_ros2/ball_detector_CircleSetStamped_msg,https://docs.robotis.com/docs/systems/op3/msgs/ball_detector_CircleSetStamped_msg/,301
https://emanual.robotis.com/docs/en/popup/op3_ros2/geometry_msgs_Point_msg,https://docs.robotis.com/docs/systems/op3/msgs/geometry_msgs_Point_msg/,301
https://emanual.robotis.com/docs/en/popup/op3_ros2/geometry_msgs_Pose_msg,https://docs.robotis.com/docs/systems/op3/introduction/,301
https://emanual.robotis.com/docs/en/popup/op3_ros2/geometry_msgs_PoseStamped_msg,https://docs.robotis.com/docs/systems/op3/msgs/geometry_msgs_PoseStamped_msg/,301
https://emanual.robotis.com/docs/en/popup/op3_ros2/LoadOffset.srv,https://docs.robotis.com/docs/systems/op3/introduction/,301
https://emanual.robotis.com/docs/en/popup/op3_ros2/op3_GetJointPose.srv,https://docs.robotis.com/docs/systems/op3/msgs/op3_GetJointPose_srv/,301
https://emanual.robotis.com/docs/en/popup/op3_ros2/op3_GetKinematicsPose.srv,https://docs.robotis.com/docs/systems/op3/msgs/op3_GetKinematicsPose_srv/,301
https://emanual.robotis.com/docs/en/popup/op3_ros2/op3_GetPresentJointOffsetData.srv,https://docs.robotis.com/docs/systems/op3/msgs/op3_GetPresentJointOffsetData_srv/,301
https://emanual.robotis.com/docs/en/popup/op3_ros2/op3_GetPreviewMatrix.srv,https://docs.robotis.com/docs/systems/op3/msgs/op3_GetPreviewMatrix_srv/,301
https://emanual.robotis.com/docs/en/popup/op3_ros2/op3_GetWalkingParam.srv,https://docs.robotis.com/docs/systems/op3/msgs/op3_GetWalkingParam_srv/,301
https://emanual.robotis.com/docs/en/popup/op3_ros2/op3_IsRunning.srv,https://docs.robotis.com/docs/systems/op3/msgs/op3_IsRunning_srv/,301
https://emanual.robotis.com/docs/en/popup/op3_ros2/op3_JointOffsetData.msg,https://docs.robotis.com/docs/systems/op3/msgs/op3_JointOffsetData_msg/,301
https://emanual.robotis.com/docs/en/popup/op3_ros2/op3_JointOffsetPositionData.msg,https://docs.robotis.com/docs/systems/op3/msgs/op3_JointOffsetPositionData_msg/,301
https://emanual.robotis.com/docs/en/popup/op3_ros2/op3_JointTorqueOnOff.msg,https://docs.robotis.com/docs/systems/op3/msgs/op3_JointTorqueOnOff_msg/,301
https://emanual.robotis.com/docs/en/popup/op3_ros2/op3_JointTorqueOnOffArray.msg,https://docs.robotis.com/docs/systems/op3/msgs/op3_JointTorqueOnOffArray_msg/,301
https://emanual.robotis.com/docs/en/popup/op3_ros2/op3_SetWalkingParam.srv,https://docs.robotis.com/docs/systems/op3/msgs/op3_SetWalkingParam_srv/,301
https://emanual.robotis.com/docs/en/popup/op3_ros2/op3_StartAction.msg,https://docs.robotis.com/docs/systems/op3/msgs/op3_StartAction_msg/,301
https://emanual.robotis.com/docs/en/popup/op3_ros2/op3_WalkingParam.msg,https://docs.robotis.com/docs/systems/op3/msgs/op3_WalkingParam_msg/,301
https://emanual.robotis.com/docs/en/popup/op3_ros2/sensor_msgs_CameraInfo_msg,https://docs.robotis.com/docs/systems/op3/msgs/sensor_msgs_CameraInfo_msg/,301
https://emanual.robotis.com/docs/en/popup/op3_ros2/sensor_msgs_Image,https://docs.robotis.com/docs/systems/op3/msgs/sensor_msgs_Image/,301
https://emanual.robotis.com/docs/en/popup/op3_ros2/sensor_msgs_Imu_msg,https://docs.robotis.com/docs/systems/op3/introduction/,301
https://emanual.robotis.com/docs/en/popup/op3_ros2/sensor_msgs_JointState_msg,https://docs.robotis.com/docs/systems/op3/introduction/,301
https://emanual.robotis.com/docs/en/popup/op3_ros2/SetModule.srv,https://docs.robotis.com/docs/systems/op3/introduction/,301
https://emanual.robotis.com/docs/en/popup/op3_ros2/StatusMsg.msg,https://docs.robotis.com/docs/systems/op3/introduction/,301
https://emanual.robotis.com/docs/en/popup/op3_ros2/std_msgs_bool_msg,https://docs.robotis.com/docs/systems/op3/introduction/,301
https://emanual.robotis.com/docs/en/popup/op3_ros2/std_msgs_Empty_msg,https://docs.robotis.com/docs/systems/op3/introduction/,301
https://emanual.robotis.com/docs/en/popup/op3_ros2/std_msgs_Float64_msg,https://docs.robotis.com/docs/systems/op3/introduction/,301
https://emanual.robotis.com/docs/en/popup/op3_ros2/std_msgs_Header,https://docs.robotis.com/docs/systems/op3/msgs/std_msgs_Header/,301
https://emanual.robotis.com/docs/en/popup/op3_ros2/std_msgs_int32_message,https://docs.robotis.com/docs/systems/op3/introduction/,301
https://emanual.robotis.com/docs/en/popup/op3_ros2/std_msgs_Int32MultiArray_msg,https://docs.robotis.com/docs/systems/op3/msgs/std_msgs_Int32MultiArray_msg/,301
https://emanual.robotis.com/docs/en/popup/op3_ros2/std_msgs_string,https://docs.robotis.com/docs/systems/op3/introduction/,301
https://emanual.robotis.com/docs/en/popup/op3_SetWalkingParam.srv,https://docs.robotis.com/docs/systems/op3/msgs/op3_SetWalkingParam_srv/,301
https://emanual.robotis.com/docs/en/popup/op3_StartAction.msg,https://docs.robotis.com/docs/systems/op3/msgs/op3_StartAction_msg/,301
https://emanual.robotis.com/docs/en/popup/op3_Step2D.msg,https://docs.robotis.com/docs/systems/op3/msgs/op3_Step2D_msg/,301
https://emanual.robotis.com/docs/en/popup/op3_Step2DArray.msg,https://docs.robotis.com/docs/systems/op3/msgs/op3_Step2DArray_msg/,301
https://emanual.robotis.com/docs/en/popup/op3_walking_module_param.yaml,https://docs.robotis.com/docs/systems/op3/op3_walking_module_param_yaml/,301
https://emanual.robotis.com/docs/en/popup/op3_WalkingParam.msg,https://docs.robotis.com/docs/systems/op3/msgs/op3_WalkingParam_msg/,301
https://emanual.robotis.com/docs/en/popup/open_manipulator_coordinates,https://docs.robotis.com/docs/systems/openmanipulator_x/msgs/open_manipulator_coordinates/,301
https://emanual.robotis.com/docs/en/popup/open_manipulator_msgs_GetJointPosition,https://docs.robotis.com/docs/systems/openmanipulator_x/msgs/open_manipulator_msgs_GetJointPosition/,301
https://emanual.robotis.com/docs/en/popup/open_manipulator_msgs_GetKinematicsPose,https://docs.robotis.com/docs/systems/openmanipulator_x/msgs/open_manipulator_msgs_GetKinematicsPose/,301
https://emanual.robotis.com/docs/en/popup/open_manipulator_msgs_JointPosition,https://docs.robotis.com/docs/systems/openmanipulator_x/msgs/open_manipulator_msgs_JointPosition/,301
https://emanual.robotis.com/docs/en/popup/open_manipulator_msgs_KinematicsPose,https://docs.robotis.com/docs/systems/openmanipulator_x/msgs/open_manipulator_msgs_KinematicsPose/,301
https://emanual.robotis.com/docs/en/popup/open_manipulator_msgs_OpenManipulatorState,https://docs.robotis.com/docs/systems/openmanipulator_x/msgs/open_manipulator_msgs_OpenManipulatorState/,301
https://emanual.robotis.com/docs/en/popup/open_manipulator_msgs_SetActuatorState,https://docs.robotis.com/docs/systems/openmanipulator_x/msgs/open_manipulator_msgs_SetActuatorState/,301
https://emanual.robotis.com/docs/en/popup/open_manipulator_msgs_SetDrawingTrajectory,https://docs.robotis.com/docs/systems/openmanipulator_x/msgs/open_manipulator_msgs_SetDrawingTrajectory/,301
https://emanual.robotis.com/docs/en/popup/open_manipulator_msgs_SetJointPosition,https://docs.robotis.com/docs/systems/openmanipulator_x/msgs/open_manipulator_msgs_SetJointPosition/,301
https://emanual.robotis.com/docs/en/popup/open_manipulator_msgs_SetKinematicsPose,https://docs.robotis.com/docs/systems/openmanipulator_x/msgs/open_manipulator_msgs_SetKinematicsPose/,301
https://emanual.robotis.com/docs/en/popup/opencm904_ex_button,https://docs.robotis.com/docs/software/arduino_ide/opencm904_ex_button/,301
https://emanual.robotis.com/docs/en/popup/opencm904_ex_buzzer,https://docs.robotis.com/docs/software/arduino_ide/opencm904_ex_buzzer/,301
https://emanual.robotis.com/docs/en/popup/opencm904_ex_dynamixelworkbench,https://docs.robotis.com/docs/software/arduino_ide/opencm904_ex_dynamixelworkbench/,301
https://emanual.robotis.com/docs/en/popup/opencm904_ex_eeprom,https://docs.robotis.com/docs/software/arduino_ide/opencm904_ex_eeprom/,301
https://emanual.robotis.com/docs/en/popup/opencm904_ex_led,https://docs.robotis.com/docs/software/arduino_ide/opencm904_ex_led/,301
https://emanual.robotis.com/docs/en/popup/opencm904_ex_mpu6050dmp,https://docs.robotis.com/docs/software/arduino_ide/opencm904_ex_mpu6050dmp/,301
https://emanual.robotis.com/docs/en/popup/opencm904_ex_ms5540s,https://docs.robotis.com/docs/software/arduino_ide/opencm904_ex_ms5540s/,301
https://emanual.robotis.com/docs/en/popup/opencm904_ex_oled,https://docs.robotis.com/docs/software/arduino_ide/opencm904_ex_oled/,301
https://emanual.robotis.com/docs/en/popup/opencm904_ex_pwm,https://docs.robotis.com/docs/software/arduino_ide/opencm904_ex_pwm/,301
https://emanual.robotis.com/docs/en/popup/opencm904_ex_sdcard,https://docs.robotis.com/docs/software/arduino_ide/opencm904_ex_sdcard/,301
https://emanual.robotis.com/docs/en/popup/opencm904_ex_servo,https://docs.robotis.com/docs/software/arduino_ide/opencm904_ex_servo/,301
https://emanual.robotis.com/docs/en/popup/PoseXYZRPY.msg,https://docs.robotis.com/docs/systems/thormang3/msgs/PoseXYZRPY_msg/,301
https://emanual.robotis.com/docs/en/popup/PoseZRPY.msg,https://docs.robotis.com/docs/systems/thormang3/msgs/PoseZRPY_msg/,301
https://emanual.robotis.com/docs/en/popup/position_controller.yaml,https://docs.robotis.com/docs/systems/op3/position_controller_yaml/,301
https://emanual.robotis.com/docs/en/popup/RemoveExistingStepData.srv,https://docs.robotis.com/docs/systems/thormang3/msgs/RemoveExistingStepData_srv/,301
https://emanual.robotis.com/docs/en/popup/robotis_op3_gazebo_worlds_empty.world,https://docs.robotis.com/docs/systems/op3/robotis_op3_gazebo_worlds_empty_world/,301
https://emanual.robotis.com/docs/en/popup/RobotPose.msg,https://docs.robotis.com/docs/systems/thormang3/msgs/RobotPose_msg/,301
https://emanual.robotis.com/docs/en/popup/sensor_module_tutorial_CMakeLists.txt,https://docs.robotis.com/,301
https://emanual.robotis.com/docs/en/popup/sensor_module_tutorial_package.xml,https://docs.robotis.com/,301
https://emanual.robotis.com/docs/en/popup/sensor_module_tutorial.cpp,https://docs.robotis.com/,301
https://emanual.robotis.com/docs/en/popup/sensor_module_tutorial.h,https://docs.robotis.com/,301
https://emanual.robotis.com/docs/en/popup/sensor_msgs_CameraInfo_msg,https://docs.robotis.com/docs/systems/op3/msgs/sensor_msgs_CameraInfo_msg/,301
https://emanual.robotis.com/docs/en/popup/sensor_msgs_Image,https://docs.robotis.com/docs/systems/op3/msgs/sensor_msgs_Image/,301
https://emanual.robotis.com/docs/en/popup/sensor_msgs_IMU_msg,https://docs.robotis.com/docs/systems/msgs/sensor_msgs_IMU_msg/,301
https://emanual.robotis.com/docs/en/popup/sensor_msgs_JointState_msg,https://docs.robotis.com/docs/systems/msgs/sensor_msgs_JointState_msg/,301
https://emanual.robotis.com/docs/en/popup/sensor_msgs_PointCloud2_msg,https://docs.robotis.com/docs/systems/thormang3/msgs/sensor_msgs_PointCloud2_msg/,301
https://emanual.robotis.com/docs/en/popup/SetBalanceParam.srv,https://docs.robotis.com/docs/systems/thormang3/msgs/SetBalanceParam_srv/,301
https://emanual.robotis.com/docs/en/popup/SetDampingBalanceParam.srv,https://docs.robotis.com/docs/systems/thormang3/msgs/SetDampingBalanceParam_srv/,301
https://emanual.robotis.com/docs/en/popup/SetJointFeedBackGain.srv,https://docs.robotis.com/docs/systems/thormang3/msgs/SetJointFeedBackGain_srv/,301
https://emanual.robotis.com/docs/en/popup/SetModule.srv,https://docs.robotis.com/docs/systems/msgs/SetModule_srv/,301
https://emanual.robotis.com/docs/en/popup/StartAction.msg,https://docs.robotis.com/docs/systems/thormang3/msgs/StartAction_msg/,301
https://emanual.robotis.com/docs/en/popup/StartWalking.srv,https://docs.robotis.com/docs/systems/thormang3/msgs/StartWalking_srv/,301
https://emanual.robotis.com/docs/en/popup/StatusMsg.msg,https://docs.robotis.com/docs/systems/msgs/StatusMsg_msg/,301
https://emanual.robotis.com/docs/en/popup/std_msgs_bool_msg,https://docs.robotis.com/docs/systems/msgs/std_msgs_bool_msg/,301
https://emanual.robotis.com/docs/en/popup/std_msgs_Empty_msg,https://docs.robotis.com/docs/systems/openmanipulator_p/msgs/std_msgs_Empty_msg/,301
https://emanual.robotis.com/docs/en/popup/std_msgs_Float64_msg,https://docs.robotis.com/docs/systems/msgs/std_msgs_Float64_msg/,301
https://emanual.robotis.com/docs/en/popup/std_msgs_Header,https://docs.robotis.com/docs/systems/msgs/std_msgs_header/,301
https://emanual.robotis.com/docs/en/popup/std_msgs_int32_message,https://docs.robotis.com/docs/systems/msgs/std_msgs_int32_message/,301
https://emanual.robotis.com/docs/en/popup/std_msgs_Int32MultiArray_msg,https://docs.robotis.com/docs/systems/op3/msgs/std_msgs_Int32MultiArray_msg/,301
https://emanual.robotis.com/docs/en/popup/std_msgs_string,https://docs.robotis.com/docs/systems/msgs/std_msgs_string/,301
https://emanual.robotis.com/docs/en/popup/stem_example_cn,https://docs.robotis.com/,301
https://emanual.robotis.com/docs/en/popup/Step2D.msg,https://docs.robotis.com/docs/systems/thormang3/msgs/Step2D_msg/,301
https://emanual.robotis.com/docs/en/popup/Step2DArray.msg,https://docs.robotis.com/docs/systems/thormang3/msgs/Step2DArray_msg/,301
https://emanual.robotis.com/docs/en/popup/StepData.msg,https://docs.robotis.com/docs/systems/thormang3/msgs/StepData_msg/,301
https://emanual.robotis.com/docs/en/popup/StepPositionData.msg,https://docs.robotis.com/docs/systems/thormang3/msgs/StepPositionData_msg/,301
https://emanual.robotis.com/docs/en/popup/StepTimeData.msg,https://docs.robotis.com/docs/systems/thormang3/msgs/StepTimeData_msg/,301
https://emanual.robotis.com/docs/en/popup/SyncWriteItem.msg,https://docs.robotis.com/docs/systems/msgs/SyncWriteItem_msg/,301
https://emanual.robotis.com/docs/en/popup/thormang_manager.cpp,https://docs.robotis.com/,301
https://emanual.robotis.com/docs/en/popup/thormang3_manager.launch,https://docs.robotis.com/docs/systems/thormang3/thormang3_manager_launch/,301
https://emanual.robotis.com/docs/en/popup/thormang3_sensors.launch,https://docs.robotis.com/docs/systems/thormang3/thormang3_sensors_launch/,301
https://emanual.robotis.com/docs/en/popup/turtlebot3_ros2_sbc_setting,https://docs.robotis.com/docs/systems/turtlebot3/turtlebot3_ros2_sbc_setting/,301
https://emanual.robotis.com/docs/en/popup/turtlebot3/joule_setup,https://docs.robotis.com/docs/systems/turtlebot3/joule_setup/,301
https://emanual.robotis.com/docs/en/popup/usb_driver_install,https://docs.robotis.com/docs/faq/usb_driver_install/,301
https://emanual.robotis.com/docs/en/popup/visualization_msgs_MarkerArray_msg,https://docs.robotis.com/docs/systems/thormang3/msgs/visualization_msgs_MarkerArray_msg/,301
https://emanual.robotis.com/docs/en/popup/WalkingJointStatesStamped.msg,https://docs.robotis.com/docs/systems/thormang3/msgs/WalkingJointStatesStamped_msg/,301
https://emanual.robotis.com/docs/en/popup/WriteControlTable.msg,https://docs.robotis.com/,301
https://emanual.robotis.com/docs/en/reference/dxl-selection-guide,https://docs.robotis.com/,301
https://emanual.robotis.com/docs/en/software,https://docs.robotis.com/docs/software/overview/,301
https://emanual.robotis.com/docs/en/software/arduino_ide,https://docs.robotis.com/docs/software/arduino_ide/,301
https://emanual.robotis.com/docs/en/software/arduino_ide_jp,https://docs.robotis.com/docs/software/arduino_ide/,301
https://emanual.robotis.com/docs/en/software/dynamixel/dynamixel_easy_sdk/api_reference,https://docs.robotis.com/docs/software/dynamixel_easy_sdk/api_reference/,301
https://emanual.robotis.com/docs/en/software/dynamixel/dynamixel_easy_sdk/api_reference_connector,https://docs.robotis.com/docs/software/dynamixel_easy_sdk/api_reference/api_reference_connector/,301
https://emanual.robotis.com/docs/en/software/dynamixel/dynamixel_easy_sdk/api_reference_data_types,https://docs.robotis.com/docs/software/dynamixel_easy_sdk/api_reference/api_reference_data_types/,301
https://emanual.robotis.com/docs/en/software/dynamixel/dynamixel_easy_sdk/api_reference_dynamixel_error,https://docs.robotis.com/docs/software/dynamixel_easy_sdk/api_reference/api_reference_dynamixel_error/,301
https://emanual.robotis.com/docs/en/software/dynamixel/dynamixel_easy_sdk/api_reference_group_executor,https://docs.robotis.com/docs/software/dynamixel_easy_sdk/api_reference/api_reference_group_executor/,301
https://emanual.robotis.com/docs/en/software/dynamixel/dynamixel_easy_sdk/api_reference_motor,https://docs.robotis.com/docs/software/dynamixel_easy_sdk/api_reference/api_reference_motor/,301
https://emanual.robotis.com/docs/en/software/dynamixel/dynamixel_easy_sdk/getting_started,https://docs.robotis.com/docs/software/dynamixel_easy_sdk/getting_started/,301
https://emanual.robotis.com/docs/en/software/dynamixel/dynamixel_easy_sdk/group_motor_tutorial,https://docs.robotis.com/docs/software/dynamixel_easy_sdk/group_motor_tutorial/,301
https://emanual.robotis.com/docs/en/software/dynamixel/dynamixel_easy_sdk/group_motor_tutorial_step5,https://docs.robotis.com/docs/software/dynamixel_easy_sdk/group_motor_tutorial/group_motor_tutorial_step5/,301
https://emanual.robotis.com/docs/en/software/dynamixel/dynamixel_easy_sdk/group_motor_tutorial_step6,https://docs.robotis.com/docs/software/dynamixel_easy_sdk/group_motor_tutorial/group_motor_tutorial_step6/,301
https://emanual.robotis.com/docs/en/software/dynamixel/dynamixel_easy_sdk/group_motor_tutorial_step7,https://docs.robotis.com/docs/software/dynamixel_easy_sdk/group_motor_tutorial/group_motor_tutorial_step7/,301
https://emanual.robotis.com/docs/en/software/dynamixel/dynamixel_easy_sdk/introduction,https://docs.robotis.com/docs/software/dynamixel_easy_sdk/getting_started/,301
https://emanual.robotis.com/docs/en/software/dynamixel/dynamixel_easy_sdk/single_motor_tutorial,https://docs.robotis.com/docs/software/dynamixel_easy_sdk/single_motor_tutorial/,301
https://emanual.robotis.com/docs/en/software/dynamixel/dynamixel_easy_sdk/single_motor_tutorial_step1,https://docs.robotis.com/docs/software/dynamixel_easy_sdk/single_motor_tutorial/single_motor_tutorial_step1/,301
https://emanual.robotis.com/docs/en/software/dynamixel/dynamixel_easy_sdk/single_motor_tutorial_step2,https://docs.robotis.com/docs/software/dynamixel_easy_sdk/single_motor_tutorial/single_motor_tutorial_step2/,301
https://emanual.robotis.com/docs/en/software/dynamixel/dynamixel_easy_sdk/single_motor_tutorial_step3,https://docs.robotis.com/docs/software/dynamixel_easy_sdk/single_motor_tutorial/single_motor_tutorial_step3/,301
https://emanual.robotis.com/docs/en/software/dynamixel/dynamixel_easy_sdk/single_motor_tutorial_step4,https://docs.robotis.com/docs/software/dynamixel_easy_sdk/single_motor_tutorial/single_motor_tutorial_step4/,301
https://emanual.robotis.com/docs/en/software/dynamixel/dynamixel_sdk/api_reference/c/c_groupbulkread,https://docs.robotis.com/docs/software/dynamixel_sdk/api_reference/c/c_groupbulkread/,301
https://emanual.robotis.com/docs/en/software/dynamixel/dynamixel_sdk/api_reference/c/c_groupbulkwrite,https://docs.robotis.com/docs/software/dynamixel_sdk/api_reference/c/c_groupbulkwrite/,301
https://emanual.robotis.com/docs/en/software/dynamixel/dynamixel_sdk/api_reference/c/c_groupsyncread,https://docs.robotis.com/docs/software/dynamixel_sdk/api_reference/c/c_groupsyncread/,301
https://emanual.robotis.com/docs/en/software/dynamixel/dynamixel_sdk/api_reference/c/c_groupsyncwrite,https://docs.robotis.com/docs/software/dynamixel_sdk/api_reference/c/c_groupsyncwrite/,301
https://emanual.robotis.com/docs/en/software/dynamixel/dynamixel_sdk/api_reference/c/c_packethandler,https://docs.robotis.com/docs/software/dynamixel_sdk/api_reference/c/c_packethandler/,301
https://emanual.robotis.com/docs/en/software/dynamixel/dynamixel_sdk/api_reference/c/c_porthandler,https://docs.robotis.com/docs/software/dynamixel_sdk/api_reference/c/c_porthandler/,301
https://emanual.robotis.com/docs/en/software/dynamixel/dynamixel_sdk/api_reference/cpp/cpp_groupbulkread,https://docs.robotis.com/docs/software/dynamixel_sdk/api_reference/cpp/cpp_groupbulkread/,301
https://emanual.robotis.com/docs/en/software/dynamixel/dynamixel_sdk/api_reference/cpp/cpp_groupbulkwrite,https://docs.robotis.com/docs/software/dynamixel_sdk/api_reference/cpp/cpp_groupbulkwrite/,301
https://emanual.robotis.com/docs/en/software/dynamixel/dynamixel_sdk/api_reference/cpp/cpp_groupsyncread,https://docs.robotis.com/docs/software/dynamixel_sdk/api_reference/cpp/cpp_groupsyncread/,301
https://emanual.robotis.com/docs/en/software/dynamixel/dynamixel_sdk/api_reference/cpp/cpp_groupsyncwrite,https://docs.robotis.com/docs/software/dynamixel_sdk/api_reference/cpp/cpp_groupsyncwrite/,301
https://emanual.robotis.com/docs/en/software/dynamixel/dynamixel_sdk/api_reference/cpp/cpp_packethandler,https://docs.robotis.com/docs/software/dynamixel_sdk/api_reference/cpp/cpp_packethandler/,301
https://emanual.robotis.com/docs/en/software/dynamixel/dynamixel_sdk/api_reference/cpp/cpp_porthandler,https://docs.robotis.com/docs/software/dynamixel_sdk/api_reference/cpp/cpp_porthandler/,301
https://emanual.robotis.com/docs/en/software/dynamixel/dynamixel_sdk/api_reference/csharp/csharp_groupbulkread,https://docs.robotis.com/docs/software/dynamixel_sdk/api_reference/csharp/csharp_groupbulkread/,301
https://emanual.robotis.com/docs/en/software/dynamixel/dynamixel_sdk/api_reference/csharp/csharp_groupbulkwrite,https://docs.robotis.com/docs/software/dynamixel_sdk/api_reference/csharp/csharp_groupbulkwrite/,301
https://emanual.robotis.com/docs/en/software/dynamixel/dynamixel_sdk/api_reference/csharp/csharp_groupsyncread,https://docs.robotis.com/docs/software/dynamixel_sdk/api_reference/csharp/csharp_groupsyncread/,301
https://emanual.robotis.com/docs/en/software/dynamixel/dynamixel_sdk/api_reference/csharp/csharp_groupsyncwrite,https://docs.robotis.com/docs/software/dynamixel_sdk/api_reference/csharp/csharp_groupsyncwrite/,301
https://emanual.robotis.com/docs/en/software/dynamixel/dynamixel_sdk/api_reference/csharp/csharp_packethandler,https://docs.robotis.com/docs/software/dynamixel_sdk/api_reference/csharp/csharp_packethandler/,301
https://emanual.robotis.com/docs/en/software/dynamixel/dynamixel_sdk/api_reference/csharp/csharp_porthandler,https://docs.robotis.com/docs/software/dynamixel_sdk/api_reference/csharp/csharp_porthandler/,301
https://emanual.robotis.com/docs/en/software/dynamixel/dynamixel_sdk/api_reference/java/java_groupbulkread,https://docs.robotis.com/docs/software/dynamixel_sdk/api_reference/java/java_groupbulkread/,301
https://emanual.robotis.com/docs/en/software/dynamixel/dynamixel_sdk/api_reference/java/java_groupbulkwrite,https://docs.robotis.com/docs/software/dynamixel_sdk/api_reference/java/java_groupbulkwrite/,301
https://emanual.robotis.com/docs/en/software/dynamixel/dynamixel_sdk/api_reference/java/java_groupsyncread,https://docs.robotis.com/docs/software/dynamixel_sdk/api_reference/java/java_groupsyncread/,301
https://emanual.robotis.com/docs/en/software/dynamixel/dynamixel_sdk/api_reference/java/java_groupsyncwrite,https://docs.robotis.com/docs/software/dynamixel_sdk/api_reference/java/java_groupsyncwrite/,301
https://emanual.robotis.com/docs/en/software/dynamixel/dynamixel_sdk/api_reference/java/java_packethandler,https://docs.robotis.com/docs/software/dynamixel_sdk/api_reference/java/java_packethandler/,301
https://emanual.robotis.com/docs/en/software/dynamixel/dynamixel_sdk/api_reference/java/java_porthandler,https://docs.robotis.com/docs/software/dynamixel_sdk/api_reference/java/java_porthandler/,301
https://emanual.robotis.com/docs/en/software/dynamixel/dynamixel_sdk/api_reference/labview/labview_groupbulkread,https://docs.robotis.com/docs/software/dynamixel_sdk/api_reference/labview/labview_groupbulkread/,301
https://emanual.robotis.com/docs/en/software/dynamixel/dynamixel_sdk/api_reference/labview/labview_groupbulkwrite,https://docs.robotis.com/docs/software/dynamixel_sdk/api_reference/labview/labview_groupbulkwrite/,301
https://emanual.robotis.com/docs/en/software/dynamixel/dynamixel_sdk/api_reference/labview/labview_groupsyncread,https://docs.robotis.com/docs/software/dynamixel_sdk/api_reference/labview/labview_groupsyncread/,301
https://emanual.robotis.com/docs/en/software/dynamixel/dynamixel_sdk/api_reference/labview/labview_groupsyncwrite,https://docs.robotis.com/docs/software/dynamixel_sdk/api_reference/labview/labview_groupsyncwrite/,301
https://emanual.robotis.com/docs/en/software/dynamixel/dynamixel_sdk/api_reference/labview/labview_packethandler,https://docs.robotis.com/docs/software/dynamixel_sdk/api_reference/labview/labview_packethandler/,301
https://emanual.robotis.com/docs/en/software/dynamixel/dynamixel_sdk/api_reference/labview/labview_porthandler,https://docs.robotis.com/docs/software/dynamixel_sdk/api_reference/labview/labview_porthandler/,301
https://emanual.robotis.com/docs/en/software/dynamixel/dynamixel_sdk/api_reference/matlab/matlab_groupbulkread,https://docs.robotis.com/docs/software/dynamixel_sdk/api_reference/matlab/matlab_groupbulkread/,301
https://emanual.robotis.com/docs/en/software/dynamixel/dynamixel_sdk/api_reference/matlab/matlab_groupbulkwrite,https://docs.robotis.com/docs/software/dynamixel_sdk/api_reference/matlab/matlab_groupbulkwrite/,301
https://emanual.robotis.com/docs/en/software/dynamixel/dynamixel_sdk/api_reference/matlab/matlab_groupsyncread,https://docs.robotis.com/docs/software/dynamixel_sdk/api_reference/matlab/matlab_groupsyncread/,301
https://emanual.robotis.com/docs/en/software/dynamixel/dynamixel_sdk/api_reference/matlab/matlab_groupsyncwrite,https://docs.robotis.com/docs/software/dynamixel_sdk/api_reference/matlab/matlab_groupsyncwrite/,301
https://emanual.robotis.com/docs/en/software/dynamixel/dynamixel_sdk/api_reference/matlab/matlab_packethandler,https://docs.robotis.com/docs/software/dynamixel_sdk/api_reference/matlab/matlab_packethandler/,301
https://emanual.robotis.com/docs/en/software/dynamixel/dynamixel_sdk/api_reference/matlab/matlab_porthandler,https://docs.robotis.com/docs/software/dynamixel_sdk/api_reference/matlab/matlab_porthandler/,301
https://emanual.robotis.com/docs/en/software/dynamixel/dynamixel_sdk/api_reference/python/python_groupbulkread,https://docs.robotis.com/docs/software/dynamixel_sdk/api_reference/python/python_groupbulkread/,301
https://emanual.robotis.com/docs/en/software/dynamixel/dynamixel_sdk/api_reference/python/python_groupbulkwrite,https://docs.robotis.com/docs/software/dynamixel_sdk/api_reference/python/python_groupbulkwrite/,301
https://emanual.robotis.com/docs/en/software/dynamixel/dynamixel_sdk/api_reference/python/python_groupsyncread,https://docs.robotis.com/docs/software/dynamixel_sdk/api_reference/python/python_groupsyncread/,301
https://emanual.robotis.com/docs/en/software/dynamixel/dynamixel_sdk/api_reference/python/python_groupsyncwrite,https://docs.robotis.com/docs/software/dynamixel_sdk/api_reference/python/python_groupsyncwrite/,301
https://emanual.robotis.com/docs/en/software/dynamixel/dynamixel_sdk/api_reference/python/python_packethandler,https://docs.robotis.com/docs/software/dynamixel_sdk/api_reference/python/python_packethandler/,301
https://emanual.robotis.com/docs/en/software/dynamixel/dynamixel_sdk/api_reference/python/python_porthandler,https://docs.robotis.com/docs/software/dynamixel_sdk/api_reference/python/python_porthandler/,301
https://emanual.robotis.com/docs/en/software/dynamixel/dynamixel_sdk/basic_read_write_tutorial,https://docs.robotis.com/docs/software/dynamixel_sdk/basic_read_write_tutorial/,301
https://emanual.robotis.com/docs/en/software/dynamixel/dynamixel_sdk/basic_read_write_tutorial/basic_read_write_tutorial_cpp,https://docs.robotis.com/docs/software/dynamixel_sdk/basic_read_write_tutorial/cpp/,301
https://emanual.robotis.com/docs/en/software/dynamixel/dynamixel_sdk/basic_read_write_tutorial/basic_read_write_tutorial_python,https://docs.robotis.com/docs/software/dynamixel_sdk/basic_read_write_tutorial/python/,301
https://emanual.robotis.com/docs/en/software/dynamixel/dynamixel_sdk/bulk_read_write_tutorial,https://docs.robotis.com/docs/software/dynamixel_sdk/bulk_read_write_tutorial/,301
https://emanual.robotis.com/docs/en/software/dynamixel/dynamixel_sdk/bulk_read_write_tutorial/bulk_read_write_tutorial_cpp,https://docs.robotis.com/docs/software/dynamixel_sdk/bulk_read_write_tutorial/cpp/,301
https://emanual.robotis.com/docs/en/software/dynamixel/dynamixel_sdk/bulk_read_write_tutorial/bulk_read_write_tutorial_python,https://docs.robotis.com/docs/software/dynamixel_sdk/bulk_read_write_tutorial/python/,301
https://emanual.robotis.com/docs/en/software/dynamixel/dynamixel_sdk/device_setup,https://docs.robotis.com/docs/software/dynamixel_sdk/device_setup/,301
https://emanual.robotis.com/docs/en/software/dynamixel/dynamixel_sdk/download,https://docs.robotis.com/docs/software/dynamixel_sdk/download/,301
https://emanual.robotis.com/docs/en/software/dynamixel/dynamixel_sdk/faq,https://docs.robotis.com/docs/software/dynamixel_sdk/faq/,301
https://emanual.robotis.com/docs/en/software/dynamixel/dynamixel_sdk/library_setup,https://docs.robotis.com/docs/software/dynamixel_sdk/library_setup/,301
https://emanual.robotis.com/docs/en/software/dynamixel/dynamixel_sdk/library_setup/c,https://docs.robotis.com/docs/software/dynamixel_sdk/library_setup/c/,301
https://emanual.robotis.com/docs/en/software/dynamixel/dynamixel_sdk/library_setup/cpp,https://docs.robotis.com/docs/software/dynamixel_sdk/library_setup/cpp/,301
https://emanual.robotis.com/docs/en/software/dynamixel/dynamixel_sdk/library_setup/csharp,https://docs.robotis.com/docs/software/dynamixel_sdk/library_setup/csharp/,301
https://emanual.robotis.com/docs/en/software/dynamixel/dynamixel_sdk/library_setup/java,https://docs.robotis.com/docs/software/dynamixel_sdk/library_setup/java/,301
https://emanual.robotis.com/docs/en/software/dynamixel/dynamixel_sdk/library_setup/labview,https://docs.robotis.com/docs/software/dynamixel_sdk/library_setup/labview/,301
https://emanual.robotis.com/docs/en/software/dynamixel/dynamixel_sdk/library_setup/matlab,https://docs.robotis.com/docs/software/dynamixel_sdk/library_setup/matlab/,301
https://emanual.robotis.com/docs/en/software/dynamixel/dynamixel_sdk/library_setup/python,https://docs.robotis.com/docs/software/dynamixel_sdk/library_setup/python/,301
https://emanual.robotis.com/docs/en/software/dynamixel/dynamixel_sdk/overview,https://docs.robotis.com/docs/software/dynamixel_sdk/overview/,301
https://emanual.robotis.com/docs/en/software/dynamixel/dynamixel_sdk/quick_start_guide,https://docs.robotis.com/docs/software/dynamixel_sdk/quick_start_guide/,301
https://emanual.robotis.com/docs/en/software/dynamixel/dynamixel_sdk/quick_start_video,https://docs.robotis.com/docs/software/dynamixel_sdk/quick_start_video/,301
https://emanual.robotis.com/docs/en/software/dynamixel/dynamixel_sdk/sample_code/c_broadcast_ping_protocol_2_0,https://docs.robotis.com/docs/software/dynamixel_sdk/sample_code/c/broadcast_ping_protocol_2_0/,301
https://emanual.robotis.com/docs/en/software/dynamixel/dynamixel_sdk/sample_code/c_bulk_read_protocol_1_0,https://docs.robotis.com/docs/software/dynamixel_sdk/sample_code/c/bulk_read_protocol_1_0/,301
https://emanual.robotis.com/docs/en/software/dynamixel/dynamixel_sdk/sample_code/c_bulk_read_write_protocol_2_0,https://docs.robotis.com/docs/software/dynamixel_sdk/sample_code/c/bulk_read_write_protocol_2_0/,301
https://emanual.robotis.com/docs/en/software/dynamixel/dynamixel_sdk/sample_code/c_clear_multi_turn_protocol_2_0,https://docs.robotis.com/docs/software/dynamixel_sdk/sample_code/c/clear_multi_turn_protocol_2_0/,301
https://emanual.robotis.com/docs/en/software/dynamixel/dynamixel_sdk/sample_code/c_dxl_monitor,https://docs.robotis.com/docs/software/dynamixel_sdk/sample_code/c/dxl_monitor/,301
https://emanual.robotis.com/docs/en/software/dynamixel/dynamixel_sdk/sample_code/c_indirect_address_protocol_2_0,https://docs.robotis.com/docs/software/dynamixel_sdk/sample_code/c/indirect_address_protocol_2_0/,301
https://emanual.robotis.com/docs/en/software/dynamixel/dynamixel_sdk/sample_code/c_multi_port_protocol_1_0,https://docs.robotis.com/docs/software/dynamixel_sdk/sample_code/c/multi_port_protocol_1_0/,301
https://emanual.robotis.com/docs/en/software/dynamixel/dynamixel_sdk/sample_code/c_multi_port_protocol_2_0,https://docs.robotis.com/docs/software/dynamixel_sdk/sample_code/c/multi_port_protocol_2_0/,301
https://emanual.robotis.com/docs/en/software/dynamixel/dynamixel_sdk/sample_code/c_ping_protocol_1_0,https://docs.robotis.com/docs/software/dynamixel_sdk/sample_code/c/ping_protocol_1_0/,301
https://emanual.robotis.com/docs/en/software/dynamixel/dynamixel_sdk/sample_code/c_ping_protocol_2_0,https://docs.robotis.com/docs/software/dynamixel_sdk/sample_code/c/ping_protocol_2_0/,301
https://emanual.robotis.com/docs/en/software/dynamixel/dynamixel_sdk/sample_code/c_protocol_combined,https://docs.robotis.com/docs/software/dynamixel_sdk/sample_code/c/protocol_combined/,301
https://emanual.robotis.com/docs/en/software/dynamixel/dynamixel_sdk/sample_code/c_read_write_protocol_1_0,https://docs.robotis.com/docs/software/dynamixel_sdk/sample_code/c/read_write_protocol_1_0/,301
https://emanual.robotis.com/docs/en/software/dynamixel/dynamixel_sdk/sample_code/c_read_write_protocol_2_0,https://docs.robotis.com/docs/software/dynamixel_sdk/sample_code/c/read_write_protocol_2_0/,301
https://emanual.robotis.com/docs/en/software/dynamixel/dynamixel_sdk/sample_code/c_reboot_protocol_2_0,https://docs.robotis.com/docs/software/dynamixel_sdk/sample_code/c/reboot_protocol_2_0/,301
https://emanual.robotis.com/docs/en/software/dynamixel/dynamixel_sdk/sample_code/c_reset_protocol_1_0,https://docs.robotis.com/docs/software/dynamixel_sdk/sample_code/c/reset_protocol_1_0/,301
https://emanual.robotis.com/docs/en/software/dynamixel/dynamixel_sdk/sample_code/c_reset_protocol_2_0,https://docs.robotis.com/docs/software/dynamixel_sdk/sample_code/c/reset_protocol_2_0/,301
https://emanual.robotis.com/docs/en/software/dynamixel/dynamixel_sdk/sample_code/c_sync_read_write_protocol_2_0,https://docs.robotis.com/docs/software/dynamixel_sdk/sample_code/c/sync_read_write_protocol_2_0/,301
https://emanual.robotis.com/docs/en/software/dynamixel/dynamixel_sdk/sample_code/c_sync_write_protocol_1_0,https://docs.robotis.com/docs/software/dynamixel_sdk/sample_code/c/sync_write_protocol_1_0/,301
https://emanual.robotis.com/docs/en/software/dynamixel/dynamixel_sdk/sample_code/cpp_broadcast_ping_protocol_2_0,https://docs.robotis.com/docs/software/dynamixel_sdk/sample_code/cpp/broadcast_ping_protocol_2_0/,301
https://emanual.robotis.com/docs/en/software/dynamixel/dynamixel_sdk/sample_code/cpp_bulk_read_protocol_1_0,https://docs.robotis.com/docs/software/dynamixel_sdk/sample_code/cpp/bulk_read_protocol_1_0/,301
https://emanual.robotis.com/docs/en/software/dynamixel/dynamixel_sdk/sample_code/cpp_bulk_read_write_protocol_2_0,https://docs.robotis.com/docs/software/dynamixel_sdk/sample_code/cpp/bulk_read_write_protocol_2_0/,301
https://emanual.robotis.com/docs/en/software/dynamixel/dynamixel_sdk/sample_code/cpp_clear_multi_turn_protocol_2_0,https://docs.robotis.com/docs/software/dynamixel_sdk/sample_code/cpp/clear_multi_turn_protocol_2_0/,301
https://emanual.robotis.com/docs/en/software/dynamixel/dynamixel_sdk/sample_code/cpp_dxl_monitor,https://docs.robotis.com/docs/software/dynamixel_sdk/sample_code/cpp/dxl_monitor/,301
https://emanual.robotis.com/docs/en/software/dynamixel/dynamixel_sdk/sample_code/cpp_indirect_address_protocol_2_0,https://docs.robotis.com/docs/software/dynamixel_sdk/sample_code/cpp/indirect_address_protocol_2_0/,301
https://emanual.robotis.com/docs/en/software/dynamixel/dynamixel_sdk/sample_code/cpp_multi_port_protocol_1_0,https://docs.robotis.com/docs/software/dynamixel_sdk/sample_code/cpp/multi_port_protocol_1_0/,301
https://emanual.robotis.com/docs/en/software/dynamixel/dynamixel_sdk/sample_code/cpp_multi_port_protocol_2_0,https://docs.robotis.com/docs/software/dynamixel_sdk/sample_code/cpp/multi_port_protocol_2_0/,301
https://emanual.robotis.com/docs/en/software/dynamixel/dynamixel_sdk/sample_code/cpp_ping_protocol_1_0,https://docs.robotis.com/docs/software/dynamixel_sdk/sample_code/cpp/ping_protocol_1_0/,301
https://emanual.robotis.com/docs/en/software/dynamixel/dynamixel_sdk/sample_code/cpp_ping_protocol_2_0,https://docs.robotis.com/docs/software/dynamixel_sdk/sample_code/cpp/ping_protocol_2_0/,301
https://emanual.robotis.com/docs/en/software/dynamixel/dynamixel_sdk/sample_code/cpp_protocol_combined,https://docs.robotis.com/docs/software/dynamixel_sdk/sample_code/cpp/protocol_combined/,301
https://emanual.robotis.com/docs/en/software/dynamixel/dynamixel_sdk/sample_code/cpp_read_write_protocol_1_0,https://docs.robotis.com/docs/software/dynamixel_sdk/sample_code/cpp/read_write_protocol_1_0/,301
https://emanual.robotis.com/docs/en/software/dynamixel/dynamixel_sdk/sample_code/cpp_read_write_protocol_2_0,https://docs.robotis.com/docs/software/dynamixel_sdk/sample_code/cpp/read_write_protocol_2_0/,301
https://emanual.robotis.com/docs/en/software/dynamixel/dynamixel_sdk/sample_code/cpp_reboot_protocol_2_0,https://docs.robotis.com/docs/software/dynamixel_sdk/sample_code/cpp/reboot_protocol_2_0/,301
https://emanual.robotis.com/docs/en/software/dynamixel/dynamixel_sdk/sample_code/cpp_reset_protocol_1_0,https://docs.robotis.com/docs/software/dynamixel_sdk/sample_code/cpp/reset_protocol_1_0/,301
https://emanual.robotis.com/docs/en/software/dynamixel/dynamixel_sdk/sample_code/cpp_reset_protocol_2_0,https://docs.robotis.com/docs/software/dynamixel_sdk/sample_code/cpp/reset_protocol_2_0/,301
https://emanual.robotis.com/docs/en/software/dynamixel/dynamixel_sdk/sample_code/cpp_sync_read_write_protocol_2_0,https://docs.robotis.com/docs/software/dynamixel_sdk/sample_code/cpp/sync_read_write_protocol_2_0/,301
https://emanual.robotis.com/docs/en/software/dynamixel/dynamixel_sdk/sample_code/cpp_sync_write_protocol_1_0,https://docs.robotis.com/docs/software/dynamixel_sdk/sample_code/cpp/sync_write_protocol_1_0/,301
https://emanual.robotis.com/docs/en/software/dynamixel/dynamixel_sdk/sample_code/csharp_broadcast_ping_protocol_2_0,https://docs.robotis.com/docs/software/dynamixel_sdk/sample_code/csharp/broadcast_ping_protocol_2_0/,301
https://emanual.robotis.com/docs/en/software/dynamixel/dynamixel_sdk/sample_code/csharp_bulk_read_protocol_1_0,https://docs.robotis.com/docs/software/dynamixel_sdk/sample_code/csharp/bulk_read_protocol_1_0/,301
https://emanual.robotis.com/docs/en/software/dynamixel/dynamixel_sdk/sample_code/csharp_bulk_read_write_protocol_2_0,https://docs.robotis.com/docs/software/dynamixel_sdk/sample_code/csharp/bulk_read_write_protocol_2_0/,301
https://emanual.robotis.com/docs/en/software/dynamixel/dynamixel_sdk/sample_code/csharp_clear_multi_turn_protocol_2_0,https://docs.robotis.com/docs/software/dynamixel_sdk/sample_code/csharp/clear_multi_turn_protocol_2_0/,301
https://emanual.robotis.com/docs/en/software/dynamixel/dynamixel_sdk/sample_code/csharp_indirect_address_protocol_2_0,https://docs.robotis.com/docs/software/dynamixel_sdk/sample_code/csharp/indirect_address_protocol_2_0/,301
https://emanual.robotis.com/docs/en/software/dynamixel/dynamixel_sdk/sample_code/csharp_multi_port_protocol_1_0,https://docs.robotis.com/docs/software/dynamixel_sdk/sample_code/csharp/multi_port_protocol_1_0/,301
https://emanual.robotis.com/docs/en/software/dynamixel/dynamixel_sdk/sample_code/csharp_multi_port_protocol_2_0,https://docs.robotis.com/docs/software/dynamixel_sdk/sample_code/csharp/multi_port_protocol_2_0/,301
https://emanual.robotis.com/docs/en/software/dynamixel/dynamixel_sdk/sample_code/csharp_ping_protocol_1_0,https://docs.robotis.com/docs/software/dynamixel_sdk/sample_code/csharp/ping_protocol_1_0/,301
https://emanual.robotis.com/docs/en/software/dynamixel/dynamixel_sdk/sample_code/csharp_ping_protocol_2_0,https://docs.robotis.com/docs/software/dynamixel_sdk/sample_code/csharp/ping_protocol_2_0/,301
https://emanual.robotis.com/docs/en/software/dynamixel/dynamixel_sdk/sample_code/csharp_protocol_combined,https://docs.robotis.com/docs/software/dynamixel_sdk/sample_code/csharp/protocol_combined/,301
https://emanual.robotis.com/docs/en/software/dynamixel/dynamixel_sdk/sample_code/csharp_read_write_protocol_1_0,https://docs.robotis.com/docs/software/dynamixel_sdk/sample_code/csharp/read_write_protocol_1_0/,301
https://emanual.robotis.com/docs/en/software/dynamixel/dynamixel_sdk/sample_code/csharp_read_write_protocol_2_0,https://docs.robotis.com/docs/software/dynamixel_sdk/sample_code/csharp/read_write_protocol_2_0/,301
https://emanual.robotis.com/docs/en/software/dynamixel/dynamixel_sdk/sample_code/csharp_reboot_protocol_2_0,https://docs.robotis.com/docs/software/dynamixel_sdk/sample_code/csharp/reboot_protocol_2_0/,301
https://emanual.robotis.com/docs/en/software/dynamixel/dynamixel_sdk/sample_code/csharp_reset_protocol_1_0,https://docs.robotis.com/docs/software/dynamixel_sdk/sample_code/csharp/reset_protocol_1_0/,301
https://emanual.robotis.com/docs/en/software/dynamixel/dynamixel_sdk/sample_code/csharp_reset_protocol_2_0,https://docs.robotis.com/docs/software/dynamixel_sdk/sample_code/csharp/reset_protocol_2_0/,301
https://emanual.robotis.com/docs/en/software/dynamixel/dynamixel_sdk/sample_code/csharp_sync_read_write_protocol_2_0,https://docs.robotis.com/docs/software/dynamixel_sdk/sample_code/csharp/sync_read_write_protocol_2_0/,301
https://emanual.robotis.com/docs/en/software/dynamixel/dynamixel_sdk/sample_code/csharp_sync_write_protocol_1_0,https://docs.robotis.com/docs/software/dynamixel_sdk/sample_code/csharp/sync_write_protocol_1_0/,301
https://emanual.robotis.com/docs/en/software/dynamixel/dynamixel_sdk/sample_code/java_broadcast_ping_protocol_2_0,https://docs.robotis.com/docs/software/dynamixel_sdk/sample_code/java/broadcast_ping_protocol_2_0/,301
https://emanual.robotis.com/docs/en/software/dynamixel/dynamixel_sdk/sample_code/java_bulk_read_protocol_1_0,https://docs.robotis.com/docs/software/dynamixel_sdk/sample_code/java/bulk_read_protocol_1_0/,301
https://emanual.robotis.com/docs/en/software/dynamixel/dynamixel_sdk/sample_code/java_bulk_read_write_protocol_2_0,https://docs.robotis.com/docs/software/dynamixel_sdk/sample_code/java/bulk_read_write_protocol_2_0/,301
https://emanual.robotis.com/docs/en/software/dynamixel/dynamixel_sdk/sample_code/java_clear_multi_turn_protocol_2_0,https://docs.robotis.com/docs/software/dynamixel_sdk/sample_code/java/clear_multi_turn_protocol_2_0/,301
https://emanual.robotis.com/docs/en/software/dynamixel/dynamixel_sdk/sample_code/java_indirect_address_protocol_2_0,https://docs.robotis.com/docs/software/dynamixel_sdk/sample_code/java/indirect_address_protocol_2_0/,301
https://emanual.robotis.com/docs/en/software/dynamixel/dynamixel_sdk/sample_code/java_multi_port_protocol_1_0,https://docs.robotis.com/docs/software/dynamixel_sdk/sample_code/java/multi_port_protocol_1_0/,301
https://emanual.robotis.com/docs/en/software/dynamixel/dynamixel_sdk/sample_code/java_multi_port_protocol_2_0,https://docs.robotis.com/docs/software/dynamixel_sdk/sample_code/java/multi_port_protocol_2_0/,301
https://emanual.robotis.com/docs/en/software/dynamixel/dynamixel_sdk/sample_code/java_ping_protocol_1_0,https://docs.robotis.com/docs/software/dynamixel_sdk/sample_code/java/ping_protocol_1_0/,301
https://emanual.robotis.com/docs/en/software/dynamixel/dynamixel_sdk/sample_code/java_ping_protocol_2_0,https://docs.robotis.com/docs/software/dynamixel_sdk/sample_code/java/ping_protocol_2_0/,301
https://emanual.robotis.com/docs/en/software/dynamixel/dynamixel_sdk/sample_code/java_protocol_combined,https://docs.robotis.com/docs/software/dynamixel_sdk/sample_code/java/protocol_combined/,301
https://emanual.robotis.com/docs/en/software/dynamixel/dynamixel_sdk/sample_code/java_read_write_protocol_1_0,https://docs.robotis.com/docs/software/dynamixel_sdk/sample_code/java/read_write_protocol_1_0/,301
https://emanual.robotis.com/docs/en/software/dynamixel/dynamixel_sdk/sample_code/java_read_write_protocol_2_0,https://docs.robotis.com/docs/software/dynamixel_sdk/sample_code/java/read_write_protocol_2_0/,301
https://emanual.robotis.com/docs/en/software/dynamixel/dynamixel_sdk/sample_code/java_reboot_protocol_2_0,https://docs.robotis.com/docs/software/dynamixel_sdk/sample_code/java/reboot_protocol_2_0/,301
https://emanual.robotis.com/docs/en/software/dynamixel/dynamixel_sdk/sample_code/java_reset_protocol_1_0,https://docs.robotis.com/docs/software/dynamixel_sdk/sample_code/java/reset_protocol_1_0/,301
https://emanual.robotis.com/docs/en/software/dynamixel/dynamixel_sdk/sample_code/java_reset_protocol_2_0,https://docs.robotis.com/docs/software/dynamixel_sdk/sample_code/java/reset_protocol_2_0/,301
https://emanual.robotis.com/docs/en/software/dynamixel/dynamixel_sdk/sample_code/java_sync_read_write_protocol_2_0,https://docs.robotis.com/docs/software/dynamixel_sdk/sample_code/java/sync_read_write_protocol_2_0/,301
https://emanual.robotis.com/docs/en/software/dynamixel/dynamixel_sdk/sample_code/java_sync_write_protocol_1_0,https://docs.robotis.com/docs/software/dynamixel_sdk/sample_code/java/sync_write_protocol_1_0/,301
https://emanual.robotis.com/docs/en/software/dynamixel/dynamixel_sdk/sample_code/labview_broadcast_ping_protocol_2_0,https://docs.robotis.com/docs/software/dynamixel_sdk/sample_code/labview/broadcast_ping_protocol_2_0/,301
https://emanual.robotis.com/docs/en/software/dynamixel/dynamixel_sdk/sample_code/labview_bulk_read_protocol_1_0,https://docs.robotis.com/docs/software/dynamixel_sdk/sample_code/labview/bulk_read_protocol_1_0/,301
https://emanual.robotis.com/docs/en/software/dynamixel/dynamixel_sdk/sample_code/labview_bulk_read_write_protocol_2_0,https://docs.robotis.com/docs/software/dynamixel_sdk/sample_code/labview/bulk_read_write_protocol_2_0/,301
https://emanual.robotis.com/docs/en/software/dynamixel/dynamixel_sdk/sample_code/labview_clear_multi_turn_protocol_2_0,https://docs.robotis.com/docs/software/dynamixel_sdk/sample_code/labview/clear_multi_turn_protocol_2_0/,301
https://emanual.robotis.com/docs/en/software/dynamixel/dynamixel_sdk/sample_code/labview_indirect_address_protocol_2_0,https://docs.robotis.com/docs/software/dynamixel_sdk/sample_code/labview/indirect_address_protocol_2_0/,301
https://emanual.robotis.com/docs/en/software/dynamixel/dynamixel_sdk/sample_code/labview_multi_port_protocol_1_0,https://docs.robotis.com/docs/software/dynamixel_sdk/sample_code/labview/multi_port_protocol_1_0/,301
https://emanual.robotis.com/docs/en/software/dynamixel/dynamixel_sdk/sample_code/labview_multi_port_protocol_2_0,https://docs.robotis.com/docs/software/dynamixel_sdk/sample_code/labview/multi_port_protocol_2_0/,301
https://emanual.robotis.com/docs/en/software/dynamixel/dynamixel_sdk/sample_code/labview_ping_protocol_1_0,https://docs.robotis.com/docs/software/dynamixel_sdk/sample_code/labview/ping_protocol_1_0/,301
https://emanual.robotis.com/docs/en/software/dynamixel/dynamixel_sdk/sample_code/labview_ping_protocol_2_0,https://docs.robotis.com/docs/software/dynamixel_sdk/sample_code/labview/ping_protocol_2_0/,301
https://emanual.robotis.com/docs/en/software/dynamixel/dynamixel_sdk/sample_code/labview_protocol_combined,https://docs.robotis.com/docs/software/dynamixel_sdk/sample_code/labview/protocol_combined/,301
https://emanual.robotis.com/docs/en/software/dynamixel/dynamixel_sdk/sample_code/labview_read_write_protocol_1_0,https://docs.robotis.com/docs/software/dynamixel_sdk/sample_code/labview/read_write_protocol_1_0/,301
https://emanual.robotis.com/docs/en/software/dynamixel/dynamixel_sdk/sample_code/labview_read_write_protocol_2_0,https://docs.robotis.com/docs/software/dynamixel_sdk/sample_code/labview/read_write_protocol_2_0/,301
https://emanual.robotis.com/docs/en/software/dynamixel/dynamixel_sdk/sample_code/labview_reboot_protocol_2_0,https://docs.robotis.com/docs/software/dynamixel_sdk/sample_code/labview/reboot_protocol_2_0/,301
https://emanual.robotis.com/docs/en/software/dynamixel/dynamixel_sdk/sample_code/labview_reset_protocol_1_0,https://docs.robotis.com/docs/software/dynamixel_sdk/sample_code/labview/reset_protocol_1_0/,301
https://emanual.robotis.com/docs/en/software/dynamixel/dynamixel_sdk/sample_code/labview_reset_protocol_2_0,https://docs.robotis.com/docs/software/dynamixel_sdk/sample_code/labview/reset_protocol_2_0/,301
https://emanual.robotis.com/docs/en/software/dynamixel/dynamixel_sdk/sample_code/labview_sync_read_write_protocol_2_0,https://docs.robotis.com/docs/software/dynamixel_sdk/sample_code/labview/sync_read_write_protocol_2_0/,301
https://emanual.robotis.com/docs/en/software/dynamixel/dynamixel_sdk/sample_code/labview_sync_write_protocol_1_0,https://docs.robotis.com/docs/software/dynamixel_sdk/sample_code/labview/sync_write_protocol_1_0/,301
https://emanual.robotis.com/docs/en/software/dynamixel/dynamixel_sdk/sample_code/matlab_broadcast_ping_protocol_2_0,https://docs.robotis.com/docs/software/dynamixel_sdk/sample_code/matlab/broadcast_ping_protocol_2_0/,301
https://emanual.robotis.com/docs/en/software/dynamixel/dynamixel_sdk/sample_code/matlab_bulk_read_protocol_1_0,https://docs.robotis.com/docs/software/dynamixel_sdk/sample_code/matlab/bulk_read_protocol_1_0/,301
https://emanual.robotis.com/docs/en/software/dynamixel/dynamixel_sdk/sample_code/matlab_bulk_read_write_protocol_2_0,https://docs.robotis.com/docs/software/dynamixel_sdk/sample_code/matlab/bulk_read_write_protocol_2_0/,301
https://emanual.robotis.com/docs/en/software/dynamixel/dynamixel_sdk/sample_code/matlab_clear_multi_turn_protocol_2_0,https://docs.robotis.com/docs/software/dynamixel_sdk/sample_code/matlab/clear_multi_turn_protocol_2_0/,301
https://emanual.robotis.com/docs/en/software/dynamixel/dynamixel_sdk/sample_code/matlab_indirect_address_protocol_2_0,https://docs.robotis.com/docs/software/dynamixel_sdk/sample_code/matlab/indirect_address_protocol_2_0/,301
https://emanual.robotis.com/docs/en/software/dynamixel/dynamixel_sdk/sample_code/matlab_multi_port_protocol_1_0,https://docs.robotis.com/docs/software/dynamixel_sdk/sample_code/matlab/multi_port_protocol_1_0/,301
https://emanual.robotis.com/docs/en/software/dynamixel/dynamixel_sdk/sample_code/matlab_multi_port_protocol_2_0,https://docs.robotis.com/docs/software/dynamixel_sdk/sample_code/matlab/multi_port_protocol_2_0/,301
https://emanual.robotis.com/docs/en/software/dynamixel/dynamixel_sdk/sample_code/matlab_ping_protocol_1_0,https://docs.robotis.com/docs/software/dynamixel_sdk/sample_code/matlab/ping_protocol_1_0/,301
https://emanual.robotis.com/docs/en/software/dynamixel/dynamixel_sdk/sample_code/matlab_ping_protocol_2_0,https://docs.robotis.com/docs/software/dynamixel_sdk/sample_code/matlab/ping_protocol_2_0/,301
https://emanual.robotis.com/docs/en/software/dynamixel/dynamixel_sdk/sample_code/matlab_protocol_combined,https://docs.robotis.com/docs/software/dynamixel_sdk/sample_code/matlab/protocol_combined/,301
https://emanual.robotis.com/docs/en/software/dynamixel/dynamixel_sdk/sample_code/matlab_read_write_protocol_1_0,https://docs.robotis.com/docs/software/dynamixel_sdk/sample_code/matlab/read_write_protocol_1_0/,301
https://emanual.robotis.com/docs/en/software/dynamixel/dynamixel_sdk/sample_code/matlab_read_write_protocol_2_0,https://docs.robotis.com/docs/software/dynamixel_sdk/sample_code/matlab/read_write_protocol_2_0/,301
https://emanual.robotis.com/docs/en/software/dynamixel/dynamixel_sdk/sample_code/matlab_reboot_protocol_2_0,https://docs.robotis.com/docs/software/dynamixel_sdk/sample_code/matlab/reboot_protocol_2_0/,301
https://emanual.robotis.com/docs/en/software/dynamixel/dynamixel_sdk/sample_code/matlab_reset_protocol_1_0,https://docs.robotis.com/docs/software/dynamixel_sdk/sample_code/matlab/reset_protocol_1_0/,301
https://emanual.robotis.com/docs/en/software/dynamixel/dynamixel_sdk/sample_code/matlab_reset_protocol_2_0,https://docs.robotis.com/docs/software/dynamixel_sdk/sample_code/matlab/reset_protocol_2_0/,301
https://emanual.robotis.com/docs/en/software/dynamixel/dynamixel_sdk/sample_code/matlab_sync_read_write_protocol_2_0,https://docs.robotis.com/docs/software/dynamixel_sdk/sample_code/matlab/sync_read_write_protocol_2_0/,301
https://emanual.robotis.com/docs/en/software/dynamixel/dynamixel_sdk/sample_code/matlab_sync_write_protocol_1_0,https://docs.robotis.com/docs/software/dynamixel_sdk/sample_code/matlab/sync_write_protocol_1_0/,301
https://emanual.robotis.com/docs/en/software/dynamixel/dynamixel_sdk/sample_code/python_broadcast_ping_protocol_2_0,https://docs.robotis.com/docs/software/dynamixel_sdk/sample_code/python/broadcast_ping_protocol_2_0/,301
https://emanual.robotis.com/docs/en/software/dynamixel/dynamixel_sdk/sample_code/python_bulk_read_protocol_1_0,https://docs.robotis.com/docs/software/dynamixel_sdk/sample_code/python/bulk_read_protocol_1_0/,301
https://emanual.robotis.com/docs/en/software/dynamixel/dynamixel_sdk/sample_code/python_bulk_read_write_protocol_2_0,https://docs.robotis.com/docs/software/dynamixel_sdk/sample_code/python/bulk_read_write_protocol_2_0/,301
https://emanual.robotis.com/docs/en/software/dynamixel/dynamixel_sdk/sample_code/python_clear_multi_turn_protocol_2_0,https://docs.robotis.com/docs/software/dynamixel_sdk/sample_code/python/clear_multi_turn_protocol_2_0/,301
https://emanual.robotis.com/docs/en/software/dynamixel/dynamixel_sdk/sample_code/python_indirect_address_protocol_2_0,https://docs.robotis.com/docs/software/dynamixel_sdk/sample_code/python/indirect_address_protocol_2_0/,301
https://emanual.robotis.com/docs/en/software/dynamixel/dynamixel_sdk/sample_code/python_multi_port_protocol_1_0,https://docs.robotis.com/docs/software/dynamixel_sdk/sample_code/python/multi_port_protocol_1_0/,301
https://emanual.robotis.com/docs/en/software/dynamixel/dynamixel_sdk/sample_code/python_multi_port_protocol_2_0,https://docs.robotis.com/docs/software/dynamixel_sdk/sample_code/python/multi_port_protocol_2_0/,301
https://emanual.robotis.com/docs/en/software/dynamixel/dynamixel_sdk/sample_code/python_ping_protocol_1_0,https://docs.robotis.com/docs/software/dynamixel_sdk/sample_code/python/ping_protocol_1_0/,301
https://emanual.robotis.com/docs/en/software/dynamixel/dynamixel_sdk/sample_code/python_ping_protocol_2_0,https://docs.robotis.com/docs/software/dynamixel_sdk/sample_code/python/ping_protocol_2_0/,301
https://emanual.robotis.com/docs/en/software/dynamixel/dynamixel_sdk/sample_code/python_protocol_combined,https://docs.robotis.com/docs/software/dynamixel_sdk/sample_code/python/protocol_combined/,301
https://emanual.robotis.com/docs/en/software/dynamixel/dynamixel_sdk/sample_code/python_read_write_protocol_1_0,https://docs.robotis.com/docs/software/dynamixel_sdk/sample_code/python/read_write_protocol_1_0/,301
https://emanual.robotis.com/docs/en/software/dynamixel/dynamixel_sdk/sample_code/python_read_write_protocol_2_0,https://docs.robotis.com/docs/software/dynamixel_sdk/sample_code/python/read_write_protocol_2_0/,301
https://emanual.robotis.com/docs/en/software/dynamixel/dynamixel_sdk/sample_code/python_reboot_protocol_2_0,https://docs.robotis.com/docs/software/dynamixel_sdk/sample_code/python/reboot_protocol_2_0/,301
https://emanual.robotis.com/docs/en/software/dynamixel/dynamixel_sdk/sample_code/python_reset_protocol_1_0,https://docs.robotis.com/docs/software/dynamixel_sdk/sample_code/python/reset_protocol_1_0/,301
https://emanual.robotis.com/docs/en/software/dynamixel/dynamixel_sdk/sample_code/python_reset_protocol_2_0,https://docs.robotis.com/docs/software/dynamixel_sdk/sample_code/python/reset_protocol_2_0/,301
https://emanual.robotis.com/docs/en/software/dynamixel/dynamixel_sdk/sample_code/python_sync_read_write_protocol_2_0,https://docs.robotis.com/docs/software/dynamixel_sdk/sample_code/python/sync_read_write_protocol_2_0/,301
https://emanual.robotis.com/docs/en/software/dynamixel/dynamixel_sdk/sample_code/python_sync_write_protocol_1_0,https://docs.robotis.com/docs/software/dynamixel_sdk/sample_code/python/sync_write_protocol_1_0/,301
https://emanual.robotis.com/docs/en/software/dynamixel/dynamixel_sdk/sync_read_write_tutorial,https://docs.robotis.com/docs/software/dynamixel_sdk/sync_read_write_tutorial/,301
https://emanual.robotis.com/docs/en/software/dynamixel/dynamixel_sdk/sync_read_write_tutorial/sync_read_write_tutorial_cpp,https://docs.robotis.com/docs/software/dynamixel_sdk/sync_read_write_tutorial/cpp/,301
https://emanual.robotis.com/docs/en/software/dynamixel/dynamixel_sdk/sync_read_write_tutorial/sync_read_write_tutorial_python,https://docs.robotis.com/docs/software/dynamixel_sdk/sync_read_write_tutorial/python/,301
https://emanual.robotis.com/docs/en/software/dynamixel/dynamixel_wizard2,https://docs.robotis.com/docs/software/dynamixel_wizard_2_0/introduction/,301
https://emanual.robotis.com/docs/en/software/dynamixel/dynamixel_workbench,https://docs.robotis.com/docs/software/dynamixel_workbench/,301
https://emanual.robotis.com/docs/en/software/dynamixel/dynamixel_workbench_jp,https://docs.robotis.com/docs/software/dynamixel_workbench/,301
https://emanual.robotis.com/docs/en/software/embedded_sdk,https://docs.robotis.com/docs/software/overview/,301
https://emanual.robotis.com/docs/en/software/embedded_sdk/embedded_c_cm510,https://docs.robotis.com/docs/software/overview/,301
https://emanual.robotis.com/docs/en/software/embedded_sdk/embedded_c_cm530,https://docs.robotis.com/docs/software/overview/,301
https://emanual.robotis.com/docs/en/software/embedded_sdk/zigbee_sdk,https://docs.robotis.com/docs/software/overview/,301
https://emanual.robotis.com/docs/en/software/mobile_app/mini_app,https://docs.robotis.com/docs/software/overview/,301
https://emanual.robotis.com/docs/en/software/opencm_ide/api_reference,https://docs.robotis.com/docs/software/overview/,301
https://emanual.robotis.com/docs/en/software/opencm_ide/getting_started,https://docs.robotis.com/docs/software/overview/,301
https://emanual.robotis.com/docs/en/software/robotis_framework_packages,https://docs.robotis.com/docs/software/overview/,301
https://emanual.robotis.com/docs/en/software/robotis_framework_packages/tutorials,https://docs.robotis.com/docs/software/overview/,301
https://emanual.robotis.com/docs/en/software/robotis_manipulator_libs,https://docs.robotis.com/docs/software/overview/,301
https://emanual.robotis.com/docs/en/software/rplus_mobile/mdesign,https://docs.robotis.com/docs/software/overview/,301
https://emanual.robotis.com/docs/en/software/rplus_mobile/mmotion,https://docs.robotis.com/docs/software/overview/,301
https://emanual.robotis.com/docs/en/software/rplus_mobile/mtask20,https://docs.robotis.com/docs/software/overview/,301
https://emanual.robotis.com/docs/en/software/rplus1/dynamixel_wizard,https://docs.robotis.com/docs/software/rplus_1_0/dynamixel_wizard/,301
https://emanual.robotis.com/docs/en/software/rplus1/manager,https://docs.robotis.com/docs/software/rplus_1_0/rplus_task/getting_started/,301
https://emanual.robotis.com/docs/en/software/rplus1/motion,https://docs.robotis.com/docs/software/rplus_1_0/rplus_task/getting_started/,301
https://emanual.robotis.com/docs/en/software/rplus1/task/getting_started,https://docs.robotis.com/docs/software/rplus_1_0/rplus_task/getting_started/,301
https://emanual.robotis.com/docs/en/software/rplus1/task/programming_01,https://docs.robotis.com/docs/software/rplus_1_0/rplus_task/programming_01/,301
https://emanual.robotis.com/docs/en/software/rplus1/task/programming_02,https://docs.robotis.com/docs/software/rplus_1_0/rplus_task/programming_02/,301
https://emanual.robotis.com/docs/en/software/rplus1/task/task_misc,https://docs.robotis.com/docs/software/rplus_1_0/rplus_task/task_misc/,301
https://emanual.robotis.com/docs/en/software/rplus1/terminal,https://docs.robotis.com/docs/software/rplus_1_0/rplus_task/getting_started/,301
https://emanual.robotis.com/docs/en/software/rplus2/design,https://docs.robotis.com/docs/software/rplus_manager_2_0/,301
https://emanual.robotis.com/docs/en/software/rplus2/manager,https://docs.robotis.com/docs/software/rplus_manager_2_0/,301
https://emanual.robotis.com/docs/en/software/rplus2/motion,https://docs.robotis.com/docs/software/rplus_manager_2_0/,301
https://emanual.robotis.com/docs/en/software/rplus2/rplus2_block,https://docs.robotis.com/docs/software/rplus_manager_2_0/,301
https://emanual.robotis.com/docs/en/software/rplus2/scratch,https://docs.robotis.com/docs/software/rplus_manager_2_0/,301
https://emanual.robotis.com/docs/en/software/rplus2/task,https://docs.robotis.com/docs/software/rplus_manager_2_0/,301
https://emanual.robotis.com/docs/en/software/rplustask3,https://docs.robotis.com/docs/software/rplus_task_3_0/,301
https://emanual.robotis.com/docs/en/software/rplustask3/motion_programming,https://docs.robotis.com/docs/software/rplus_task_3_0/motion_programming/,301
https://emanual.robotis.com/docs/en/software/rplustask3/python_api,https://docs.robotis.com/docs/software/rplus_task_3_0/python_api/,301
https://emanual.robotis.com/docs/en/software/rplustask3/task_instructions,https://docs.robotis.com/docs/software/rplus_task_3_0/task_instructions/,301
https://emanual.robotis.com/docs/en/software/rplustask3/task_parameters,https://docs.robotis.com/docs/software/rplus_task_3_0/task_parameters/,301
https://emanual.robotis.com/docs/en/software/rplustask3/task_programming,https://docs.robotis.com/docs/software/rplus_task_3_0/task_programming/,301
https://emanual.robotis.com/docs/en/software/rplustask3/useful_tips,https://docs.robotis.com/docs/software/rplus_task_3_0/useful_tips/,301
https://emanual.robotis.com/docs/kr,https://docs.robotis.com/ko/,301
https://emanual.robotis.com/docs/kr/파일위치/확장자를 제외한 파일명(영문소문자),https://docs.robotis.com/ko/,301
https://emanual.robotis.com/docs/kr/all-dyd,https://docs.robotis.com/ko/docs/dxl/model_reference/,301
https://emanual.robotis.com/docs/kr/all-dyd/dyd-11,https://docs.robotis.com/ko/docs/dxl/model_reference/dyd/dyd_11/,301
https://emanual.robotis.com/docs/kr/all-dyd/dyd-14,https://docs.robotis.com/ko/docs/dxl/model_reference/dyd/dyd_14/,301
https://emanual.robotis.com/docs/kr/all-dyd/dyd-17,https://docs.robotis.com/ko/docs/dxl/model_reference/dyd/dyd_17/,301
https://emanual.robotis.com/docs/kr/dxl,https://docs.robotis.com/ko/docs/dxl/model_reference/,301
https://emanual.robotis.com/docs/kr/dxl/ax,https://docs.robotis.com/ko/docs/dxl/model_reference/ax_series/,301
https://emanual.robotis.com/docs/kr/dxl/ax/ax-12a,https://docs.robotis.com/ko/docs/dxl/model_reference/ax_series/ax-12a/,301
https://emanual.robotis.com/docs/kr/dxl/ax/ax-12w,https://docs.robotis.com/ko/docs/dxl/model_reference/ax_series/ax-12w/,301
https://emanual.robotis.com/docs/kr/dxl/ax/ax-18a,https://docs.robotis.com/ko/docs/dxl/model_reference/ax_series/ax-18a/,301
https://emanual.robotis.com/docs/kr/dxl/crc,https://docs.robotis.com/ko/docs/dxl/protocol/crc/,301
https://emanual.robotis.com/docs/kr/dxl/dx,https://docs.robotis.com/ko/docs/dxl/model_reference/dx_series/,301
https://emanual.robotis.com/docs/kr/dxl/dx/dx-113,https://docs.robotis.com/ko/docs/dxl/model_reference/dx_series/dx-113/,301
https://emanual.robotis.com/docs/kr/dxl/dx/dx-116,https://docs.robotis.com/ko/docs/dxl/model_reference/dx_series/dx-116/,301
https://emanual.robotis.com/docs/kr/dxl/dx/dx-117,https://docs.robotis.com/ko/docs/dxl/model_reference/dx_series/dx-117/,301
https://emanual.robotis.com/docs/kr/dxl/dxl-quick-start-guide,https://docs.robotis.com/ko/docs/dxl/model_reference/,301
https://emanual.robotis.com/docs/kr/dxl/ex,https://docs.robotis.com/ko/docs/dxl/model_reference/ex_series/,301
https://emanual.robotis.com/docs/kr/dxl/ex/ex-106+,https://docs.robotis.com/ko/docs/dxl/model_reference/ex_series/ex-106+/,301
https://emanual.robotis.com/docs/kr/dxl/mx,https://docs.robotis.com/ko/docs/dxl/model_reference/mx_series/,301
https://emanual.robotis.com/docs/kr/dxl/mx/mx-106,https://docs.robotis.com/ko/docs/dxl/model_reference/mx_series/mx-106/,301
https://emanual.robotis.com/docs/kr/dxl/mx/mx-106-2,https://docs.robotis.com/ko/docs/dxl/model_reference/mx_series/mx-106-2/,301
https://emanual.robotis.com/docs/kr/dxl/mx/mx-12w,https://docs.robotis.com/ko/docs/dxl/model_reference/mx_series/mx-12w/,301
https://emanual.robotis.com/docs/kr/dxl/mx/mx-28,https://docs.robotis.com/ko/docs/dxl/model_reference/mx_series/mx-28/,301
https://emanual.robotis.com/docs/kr/dxl/mx/mx-28-2,https://docs.robotis.com/ko/docs/dxl/model_reference/mx_series/mx-28-2/,301
https://emanual.robotis.com/docs/kr/dxl/mx/mx-64,https://docs.robotis.com/ko/docs/dxl/model_reference/mx_series/mx-64/,301
https://emanual.robotis.com/docs/kr/dxl/mx/mx-64-2,https://docs.robotis.com/ko/docs/dxl/model_reference/mx_series/mx-64-2/,301
https://emanual.robotis.com/docs/kr/dxl/p,https://docs.robotis.com/ko/docs/dxl/model_reference/p_series/,301
https://emanual.robotis.com/docs/kr/dxl/p/ph42-020-s300-r,https://docs.robotis.com/ko/docs/dxl/model_reference/p_series/ph42-020-s300-r/,301
https://emanual.robotis.com/docs/kr/dxl/p/ph54-100-s500-r,https://docs.robotis.com/ko/docs/dxl/model_reference/p_series/ph54-100-s500-r/,301
https://emanual.robotis.com/docs/kr/dxl/p/ph54-200-s500-r,https://docs.robotis.com/ko/docs/dxl/model_reference/p_series/ph54-200-s500-r/,301
https://emanual.robotis.com/docs/kr/dxl/p/pm42-010-s260-r,https://docs.robotis.com/ko/docs/dxl/model_reference/p_series/pm42-010-s260-r/,301
https://emanual.robotis.com/docs/kr/dxl/p/pm54-040-s250-r,https://docs.robotis.com/ko/docs/dxl/model_reference/p_series/pm54-040-s250-r/,301
https://emanual.robotis.com/docs/kr/dxl/p/pm54-060-s250-r,https://docs.robotis.com/ko/docs/dxl/model_reference/p_series/pm54-060-s250-r/,301
https://emanual.robotis.com/docs/kr/dxl/pro,https://docs.robotis.com/ko/docs/dxl/model_reference/pro_series/,301
https://emanual.robotis.com/docs/kr/dxl/pro_h,https://docs.robotis.com/ko/docs/dxl/model_reference/,301
https://emanual.robotis.com/docs/kr/dxl/pro_l,https://docs.robotis.com/ko/docs/dxl/model_reference/,301
https://emanual.robotis.com/docs/kr/dxl/pro_m,https://docs.robotis.com/ko/docs/dxl/model_reference/,301
https://emanual.robotis.com/docs/kr/dxl/pro_plus,https://docs.robotis.com/ko/docs/dxl/model_reference/p_series/,301
https://emanual.robotis.com/docs/kr/dxl/pro_plus/h42p-020-s300-r,https://docs.robotis.com/ko/docs/dxl/model_reference/p_series/ph42-020-s300-r/,301
https://emanual.robotis.com/docs/kr/dxl/pro_plus/h54p-100-s500-r,https://docs.robotis.com/ko/docs/dxl/model_reference/p_series/ph54-100-s500-r/,301
https://emanual.robotis.com/docs/kr/dxl/pro_plus/h54p-200-s500-r,https://docs.robotis.com/ko/docs/dxl/model_reference/p_series/ph54-200-s500-r/,301
https://emanual.robotis.com/docs/kr/dxl/pro_plus/m42p-010-s260-r,https://docs.robotis.com/ko/docs/dxl/model_reference/p_series/pm42-010-s260-r/,301
https://emanual.robotis.com/docs/kr/dxl/pro_plus/m54p-040-s250-r,https://docs.robotis.com/ko/docs/dxl/model_reference/p_series/pm54-040-s250-r/,301
https://emanual.robotis.com/docs/kr/dxl/pro_plus/m54p-060-s250-r,https://docs.robotis.com/ko/docs/dxl/model_reference/p_series/pm54-060-s250-r/,301
https://emanual.robotis.com/docs/kr/dxl/pro/h42-20-s300-r,https://docs.robotis.com/ko/docs/dxl/model_reference/pro_series/pro_h_series/h42-20-s300-r/,301
https://emanual.robotis.com/docs/kr/dxl/pro/h42-20-s300-ra,https://docs.robotis.com/ko/docs/dxl/model_reference/pro_series/pro_h_series/h42-20-s300-ra/,301
https://emanual.robotis.com/docs/kr/dxl/pro/h54-100-s500-r,https://docs.robotis.com/ko/docs/dxl/model_reference/pro_series/pro_h_series/h54-100-s500-r/,301
https://emanual.robotis.com/docs/kr/dxl/pro/h54-100-s500-ra,https://docs.robotis.com/ko/docs/dxl/model_reference/pro_series/pro_h_series/h54-100-s500-ra/,301
https://emanual.robotis.com/docs/kr/dxl/pro/h54-200-s500-r,https://docs.robotis.com/ko/docs/dxl/model_reference/pro_series/pro_h_series/h54-200-s500-r/,301
https://emanual.robotis.com/docs/kr/dxl/pro/h54-200-s500-ra,https://docs.robotis.com/ko/docs/dxl/model_reference/pro_series/pro_h_series/h54-200-s500-ra/,301
https://emanual.robotis.com/docs/kr/dxl/pro/l42-10-s300-r,https://docs.robotis.com/ko/docs/dxl/model_reference/pro_series/pro_l_series/l42-10-s300-r/,301
https://emanual.robotis.com/docs/kr/dxl/pro/l54-30-s400-r,https://docs.robotis.com/ko/docs/dxl/model_reference/pro_series/pro_l_series/l54-30-s400-r/,301
https://emanual.robotis.com/docs/kr/dxl/pro/l54-30-s500-r,https://docs.robotis.com/ko/docs/dxl/model_reference/pro_series/pro_l_series/l54-30-s500-r/,301
https://emanual.robotis.com/docs/kr/dxl/pro/l54-50-s290-r,https://docs.robotis.com/ko/docs/dxl/model_reference/pro_series/pro_l_series/l54-50-s290-r/,301
https://emanual.robotis.com/docs/kr/dxl/pro/l54-50-s500-r,https://docs.robotis.com/ko/docs/dxl/model_reference/pro_series/pro_l_series/l54-50-s500-r/,301
https://emanual.robotis.com/docs/kr/dxl/pro/m42-10-s260-r,https://docs.robotis.com/ko/docs/dxl/model_reference/pro_series/pro_m_series/m42-10-s260-r/,301
https://emanual.robotis.com/docs/kr/dxl/pro/m42-10-s260-ra,https://docs.robotis.com/ko/docs/dxl/model_reference/pro_series/pro_m_series/m42-10-s260-ra/,301
https://emanual.robotis.com/docs/kr/dxl/pro/m54-40-s250-r,https://docs.robotis.com/ko/docs/dxl/model_reference/pro_series/pro_m_series/m54-40-s250-r/,301
https://emanual.robotis.com/docs/kr/dxl/pro/m54-40-s250-ra,https://docs.robotis.com/ko/docs/dxl/model_reference/pro_series/pro_m_series/m54-40-s250-ra/,301
https://emanual.robotis.com/docs/kr/dxl/pro/m54-60-s250-r,https://docs.robotis.com/ko/docs/dxl/model_reference/pro_series/pro_m_series/m54-60-s250-r/,301
https://emanual.robotis.com/docs/kr/dxl/pro/m54-60-s250-ra,https://docs.robotis.com/ko/docs/dxl/model_reference/pro_series/pro_m_series/m54-60-s250-ra/,301
https://emanual.robotis.com/docs/kr/dxl/protocol1,https://docs.robotis.com/ko/docs/dxl/protocol/protocol1/,301
https://emanual.robotis.com/docs/kr/dxl/protocol2,https://docs.robotis.com/ko/docs/dxl/protocol/protocol2/,301
https://emanual.robotis.com/docs/kr/dxl/rx,https://docs.robotis.com/ko/docs/dxl/model_reference/rx_series/,301
https://emanual.robotis.com/docs/kr/dxl/rx/rx-10,https://docs.robotis.com/ko/docs/dxl/model_reference/rx_series/rx-10/,301
https://emanual.robotis.com/docs/kr/dxl/rx/rx-24f,https://docs.robotis.com/ko/docs/dxl/model_reference/rx_series/rx-24f/,301
https://emanual.robotis.com/docs/kr/dxl/rx/rx-28,https://docs.robotis.com/ko/docs/dxl/model_reference/rx_series/rx-28/,301
https://emanual.robotis.com/docs/kr/dxl/rx/rx-64,https://docs.robotis.com/ko/docs/dxl/model_reference/rx_series/rx-64/,301
https://emanual.robotis.com/docs/kr/dxl/x,https://docs.robotis.com/ko/docs/dxl/model_reference/x_series/,301
https://emanual.robotis.com/docs/kr/dxl/x_c,https://docs.robotis.com/ko/docs/dxl/model_reference/,301
https://emanual.robotis.com/docs/kr/dxl/x_h,https://docs.robotis.com/ko/docs/dxl/model_reference/,301
https://emanual.robotis.com/docs/kr/dxl/x_l,https://docs.robotis.com/ko/docs/dxl/model_reference/,301
https://emanual.robotis.com/docs/kr/dxl/x_m,https://docs.robotis.com/ko/docs/dxl/model_reference/,301
https://emanual.robotis.com/docs/kr/dxl/x/2xc430-w250,https://docs.robotis.com/ko/docs/dxl/model_reference/x_series/xc_series/2xc430-w250/,301
https://emanual.robotis.com/docs/kr/dxl/x/2xl430-w250,https://docs.robotis.com/ko/docs/dxl/model_reference/x_series/xl_series/2xl430-w250/,301
https://emanual.robotis.com/docs/kr/dxl/x/xc330-m181,https://docs.robotis.com/ko/docs/dxl/model_reference/x_series/xc_series/xc330-m181/,301
https://emanual.robotis.com/docs/kr/dxl/x/xc330-m288,https://docs.robotis.com/ko/docs/dxl/model_reference/x_series/xc_series/xc330-m288/,301
https://emanual.robotis.com/docs/kr/dxl/x/xc330-t181,https://docs.robotis.com/ko/docs/dxl/model_reference/x_series/xc_series/xc330-t181/,301
https://emanual.robotis.com/docs/kr/dxl/x/xc330-t288,https://docs.robotis.com/ko/docs/dxl/model_reference/x_series/xc_series/xc330-t288/,301
https://emanual.robotis.com/docs/kr/dxl/x/xc430-t150bb,https://docs.robotis.com/ko/docs/dxl/model_reference/x_series/xc_series/xc430-t150bb/,301
https://emanual.robotis.com/docs/kr/dxl/x/xc430-t240bb,https://docs.robotis.com/ko/docs/dxl/model_reference/x_series/xc_series/xc430-t240bb/,301
https://emanual.robotis.com/docs/kr/dxl/x/xc430-w150,https://docs.robotis.com/ko/docs/dxl/model_reference/x_series/xc_series/xc430-w150/,301
https://emanual.robotis.com/docs/kr/dxl/x/xc430-w240,https://docs.robotis.com/ko/docs/dxl/model_reference/x_series/xc_series/xc430-w240/,301
https://emanual.robotis.com/docs/kr/dxl/x/xd430-t210,https://docs.robotis.com/ko/docs/dxl/model_reference/x_series/xd_series/xd430-t210/,301
https://emanual.robotis.com/docs/kr/dxl/x/xd430-t350,https://docs.robotis.com/ko/docs/dxl/model_reference/x_series/xd_series/xd430-t350/,301
https://emanual.robotis.com/docs/kr/dxl/x/xd540-t150,https://docs.robotis.com/ko/docs/dxl/model_reference/x_series/xd_series/xd540-t150/,301
https://emanual.robotis.com/docs/kr/dxl/x/xd540-t270,https://docs.robotis.com/ko/docs/dxl/model_reference/x_series/xd_series/xd540-t270/,301
https://emanual.robotis.com/docs/kr/dxl/x/xh430-v210,https://docs.robotis.com/ko/docs/dxl/model_reference/x_series/xh_series/xh430-v210/,301
https://emanual.robotis.com/docs/kr/dxl/x/xh430-v350,https://docs.robotis.com/ko/docs/dxl/model_reference/x_series/xh_series/xh430-v350/,301
https://emanual.robotis.com/docs/kr/dxl/x/xh430-w210,https://docs.robotis.com/ko/docs/dxl/model_reference/x_series/xh_series/xh430-w210/,301
https://emanual.robotis.com/docs/kr/dxl/x/xh430-w350,https://docs.robotis.com/ko/docs/dxl/model_reference/x_series/xh_series/xh430-w350/,301
https://emanual.robotis.com/docs/kr/dxl/x/xh540-v150,https://docs.robotis.com/ko/docs/dxl/model_reference/x_series/xh_series/xh540-v150/,301
https://emanual.robotis.com/docs/kr/dxl/x/xh540-v270,https://docs.robotis.com/ko/docs/dxl/model_reference/x_series/xh_series/xh540-v270/,301
https://emanual.robotis.com/docs/kr/dxl/x/xh540-w150,https://docs.robotis.com/ko/docs/dxl/model_reference/x_series/xh_series/xh540-w150/,301
https://emanual.robotis.com/docs/kr/dxl/x/xh540-w270,https://docs.robotis.com/ko/docs/dxl/model_reference/x_series/xh_series/xh540-w270/,301
https://emanual.robotis.com/docs/kr/dxl/x/xl320,https://docs.robotis.com/ko/docs/dxl/model_reference/x_series/xl_series/xl320/,301
https://emanual.robotis.com/docs/kr/dxl/x/xl330-m077,https://docs.robotis.com/ko/docs/dxl/model_reference/x_series/xl_series/xl330-m077/,301
https://emanual.robotis.com/docs/kr/dxl/x/xl330-m288,https://docs.robotis.com/ko/docs/dxl/model_reference/x_series/xl_series/xl330-m288/,301
https://emanual.robotis.com/docs/kr/dxl/x/xl430-w250,https://docs.robotis.com/ko/docs/dxl/model_reference/x_series/xl_series/xl430-w250/,301
https://emanual.robotis.com/docs/kr/dxl/x/xm335-t323,https://docs.robotis.com/ko/docs/dxl/model_reference/x_series/xm_series/xm335-t323/,301
https://emanual.robotis.com/docs/kr/dxl/x/xm430-w210,https://docs.robotis.com/ko/docs/dxl/model_reference/x_series/xm_series/xm430-w210/,301
https://emanual.robotis.com/docs/kr/dxl/x/xm430-w350,https://docs.robotis.com/ko/docs/dxl/model_reference/x_series/xm_series/xm430-w350/,301
https://emanual.robotis.com/docs/kr/dxl/x/xm540-w150,https://docs.robotis.com/ko/docs/dxl/model_reference/x_series/xm_series/xm540-w150/,301
https://emanual.robotis.com/docs/kr/dxl/x/xm540-w270,https://docs.robotis.com/ko/docs/dxl/model_reference/x_series/xm_series/xm540-w270/,301
https://emanual.robotis.com/docs/kr/dxl/x/xw430-t200,https://docs.robotis.com/ko/docs/dxl/model_reference/x_series/xw_series/xw430-t200/,301
https://emanual.robotis.com/docs/kr/dxl/x/xw430-t333,https://docs.robotis.com/ko/docs/dxl/model_reference/x_series/xw_series/xw430-t333/,301
https://emanual.robotis.com/docs/kr/dxl/x/xw540-t140,https://docs.robotis.com/ko/docs/dxl/model_reference/x_series/xw_series/xw540-t140/,301
https://emanual.robotis.com/docs/kr/dxl/x/xw540-t260,https://docs.robotis.com/ko/docs/dxl/model_reference/x_series/xw_series/xw540-t260/,301
https://emanual.robotis.com/docs/kr/dxl/y,https://docs.robotis.com/ko/docs/dxl/model_reference/y_series/,301
https://emanual.robotis.com/docs/kr/dxl/y/ym070-210-a051-rh,https://docs.robotis.com/ko/docs/dxl/model_reference/y_series/ym070-210-a051-rh/,301
https://emanual.robotis.com/docs/kr/dxl/y/ym070-210-a099-rh,https://docs.robotis.com/ko/docs/dxl/model_reference/y_series/ym070-210-a099-rh/,301
https://emanual.robotis.com/docs/kr/dxl/y/ym070-210-b001-rh,https://docs.robotis.com/ko/docs/dxl/model_reference/y_series/ym070-210-b001-rh/,301
https://emanual.robotis.com/docs/kr/dxl/y/ym070-210-m001-rh,https://docs.robotis.com/ko/docs/dxl/model_reference/y_series/ym070-210-m001-rh/,301
https://emanual.robotis.com/docs/kr/dxl/y/ym070-210-r051-rh,https://docs.robotis.com/ko/docs/dxl/model_reference/y_series/ym070-210-r051-rh/,301
https://emanual.robotis.com/docs/kr/dxl/y/ym070-210-r099-rh,https://docs.robotis.com/ko/docs/dxl/model_reference/y_series/ym070-210-r099-rh/,301
https://emanual.robotis.com/docs/kr/dxl/y/ym080-230-a051-rh,https://docs.robotis.com/ko/docs/dxl/model_reference/y_series/ym080-230-a051-rh/,301
https://emanual.robotis.com/docs/kr/dxl/y/ym080-230-a099-rh,https://docs.robotis.com/ko/docs/dxl/model_reference/y_series/ym080-230-a099-rh/,301
https://emanual.robotis.com/docs/kr/dxl/y/ym080-230-b001-rh,https://docs.robotis.com/ko/docs/dxl/model_reference/y_series/ym080-230-b001-rh/,301
https://emanual.robotis.com/docs/kr/dxl/y/ym080-230-m001-rh,https://docs.robotis.com/ko/docs/dxl/model_reference/y_series/ym080-230-m001-rh/,301
https://emanual.robotis.com/docs/kr/dxl/y/ym080-230-r051-rh,https://docs.robotis.com/ko/docs/dxl/model_reference/y_series/ym080-230-r051-rh/,301
https://emanual.robotis.com/docs/kr/dxl/y/ym080-230-r099-rh,https://docs.robotis.com/ko/docs/dxl/model_reference/y_series/ym080-230-r099-rh/,301
https://emanual.robotis.com/docs/kr/edu,https://docs.robotis.com/ko/,301
https://emanual.robotis.com/docs/kr/edu/bioloid,https://docs.robotis.com/ko/docs/edu/bioloid/premium/,301
https://emanual.robotis.com/docs/kr/edu/bioloid/beginner,https://docs.robotis.com/ko/docs/edu/bioloid/premium/,301
https://emanual.robotis.com/docs/kr/edu/bioloid/comprehensive,https://docs.robotis.com/ko/docs/edu/bioloid/premium/,301
https://emanual.robotis.com/docs/kr/edu/bioloid/gp,https://docs.robotis.com/ko/docs/edu/bioloid/premium/,301
https://emanual.robotis.com/docs/kr/edu/bioloid/premium,https://docs.robotis.com/ko/docs/edu/bioloid/premium/,301
https://emanual.robotis.com/docs/kr/edu/bioloid/stem,https://docs.robotis.com/ko/docs/edu/bioloid/premium/,301
https://emanual.robotis.com/docs/kr/edu/car,https://docs.robotis.com/ko/,301
https://emanual.robotis.com/docs/kr/edu/dream,https://docs.robotis.com/ko/,301
https://emanual.robotis.com/docs/kr/edu/dream/dream1-1,https://docs.robotis.com/ko/,301
https://emanual.robotis.com/docs/kr/edu/dream/dream1-2,https://docs.robotis.com/ko/,301
https://emanual.robotis.com/docs/kr/edu/dream/dream1-3,https://docs.robotis.com/ko/,301
https://emanual.robotis.com/docs/kr/edu/dream/dream1-4,https://docs.robotis.com/ko/,301
https://emanual.robotis.com/docs/kr/edu/dream/dream2-1,https://docs.robotis.com/ko/,301
https://emanual.robotis.com/docs/kr/edu/dream/dream2-2,https://docs.robotis.com/ko/,301
https://emanual.robotis.com/docs/kr/edu/dream/dream2-3,https://docs.robotis.com/ko/,301
https://emanual.robotis.com/docs/kr/edu/dream/dream2-4,https://docs.robotis.com/ko/,301
https://emanual.robotis.com/docs/kr/edu/dream/dream2-5,https://docs.robotis.com/ko/,301
https://emanual.robotis.com/docs/kr/edu/engineer/kit1,https://docs.robotis.com/ko/docs/edu/engineer/kit1/,301
https://emanual.robotis.com/docs/kr/edu/engineer/kit2_advanced_course,https://docs.robotis.com/ko/docs/edu/engineer/kit2_advanced_course/,301
https://emanual.robotis.com/docs/kr/edu/engineer/kit2_introduction,https://docs.robotis.com/ko/docs/edu/engineer/kit2_introduction/,301
https://emanual.robotis.com/docs/kr/edu/engineer/kit2_quickstart,https://docs.robotis.com/ko/docs/edu/engineer/kit2_quickstart/,301
https://emanual.robotis.com/docs/kr/edu/engineer/kit2_reference,https://docs.robotis.com/ko/docs/edu/engineer/kit2_reference/,301
https://emanual.robotis.com/docs/kr/edu/info,https://docs.robotis.com/ko/,301
https://emanual.robotis.com/docs/kr/edu/iot,https://docs.robotis.com/ko/,301
https://emanual.robotis.com/docs/kr/edu/iot/iot-1,https://docs.robotis.com/ko/,301
https://emanual.robotis.com/docs/kr/edu/iot/iot-2,https://docs.robotis.com/ko/,301
https://emanual.robotis.com/docs/kr/edu/mini,https://docs.robotis.com/ko/,301
https://emanual.robotis.com/docs/kr/edu/ollo/bugkit,https://docs.robotis.com/ko/,301
https://emanual.robotis.com/docs/kr/edu/ollo/explorer,https://docs.robotis.com/ko/,301
https://emanual.robotis.com/docs/kr/edu/ollo/inventor,https://docs.robotis.com/ko/,301
https://emanual.robotis.com/docs/kr/edu/ollo/ollo-4,https://docs.robotis.com/ko/,301
https://emanual.robotis.com/docs/kr/edu/smart,https://docs.robotis.com/ko/,301
https://emanual.robotis.com/docs/kr/edu/smart/smart1-1,https://docs.robotis.com/ko/,301
https://emanual.robotis.com/docs/kr/edu/smart/smart1-2,https://docs.robotis.com/ko/,301
https://emanual.robotis.com/docs/kr/edu/smart/smart1-3,https://docs.robotis.com/ko/,301
https://emanual.robotis.com/docs/kr/edu/smart/smart2-1,https://docs.robotis.com/ko/,301
https://emanual.robotis.com/docs/kr/edu/smart/smart2-2,https://docs.robotis.com/ko/,301
https://emanual.robotis.com/docs/kr/edu/smart/smart2-3,https://docs.robotis.com/ko/,301
https://emanual.robotis.com/docs/kr/edu/smart/smart3-1,https://docs.robotis.com/ko/,301
https://emanual.robotis.com/docs/kr/edu/smart/smart3-2,https://docs.robotis.com/ko/,301
https://emanual.robotis.com/docs/kr/edu/smart/smart3-3,https://docs.robotis.com/ko/,301
https://emanual.robotis.com/docs/kr/edu/smart/smart3-4,https://docs.robotis.com/ko/,301
https://emanual.robotis.com/docs/kr/faq/contents_guide,https://docs.robotis.com/ko/docs/faq/faq_general/,301
https://emanual.robotis.com/docs/kr/faq/download_task_code,https://docs.robotis.com/ko/docs/faq/download_task_code/,301
https://emanual.robotis.com/docs/kr/faq/dxl_software_compatibility,https://docs.robotis.com/ko/docs/faq/faq_general/,301
https://emanual.robotis.com/docs/kr/faq/faq_dynamixel,https://docs.robotis.com/ko/docs/faq/faq_dynamixel/,301
https://emanual.robotis.com/docs/kr/faq/faq_parts,https://docs.robotis.com/ko/docs/faq/faq_parts/,301
https://emanual.robotis.com/docs/kr/faq/faq_platform,https://docs.robotis.com/ko/docs/faq/faq_platform/,301
https://emanual.robotis.com/docs/kr/faq/faq_software,https://docs.robotis.com/ko/docs/faq/faq_software/,301
https://emanual.robotis.com/docs/kr/faq/faq_steam,https://docs.robotis.com/ko/docs/faq/faq_steam/,301
https://emanual.robotis.com/docs/kr/faq/general,https://docs.robotis.com/ko/docs/faq/faq_general/,301
https://emanual.robotis.com/docs/kr/parts,https://docs.robotis.com/ko/,301
https://emanual.robotis.com/docs/kr/parts/all_communication,https://docs.robotis.com/ko/,301
https://emanual.robotis.com/docs/kr/parts/all_interfaces,https://docs.robotis.com/ko/,301
https://emanual.robotis.com/docs/kr/parts/all_sensors,https://docs.robotis.com/ko/,301
https://emanual.robotis.com/docs/kr/parts/all-controller,https://docs.robotis.com/ko/,301
https://emanual.robotis.com/docs/kr/parts/all-motor,https://docs.robotis.com/ko/,301
https://emanual.robotis.com/docs/kr/parts/communication,https://docs.robotis.com/ko/,301
https://emanual.robotis.com/docs/kr/parts/communication/bt-110,https://docs.robotis.com/ko/,301
https://emanual.robotis.com/docs/kr/parts/communication/bt-210,https://docs.robotis.com/ko/,301
https://emanual.robotis.com/docs/kr/parts/communication/bt-410,https://docs.robotis.com/ko/,301
https://emanual.robotis.com/docs/kr/parts/communication/bt-410-dongle,https://docs.robotis.com/ko/,301
https://emanual.robotis.com/docs/kr/parts/communication/bt-430-dongle,https://docs.robotis.com/ko/,301
https://emanual.robotis.com/docs/kr/parts/communication/rc-100,https://docs.robotis.com/ko/,301
https://emanual.robotis.com/docs/kr/parts/communication/rc-200,https://docs.robotis.com/ko/,301
https://emanual.robotis.com/docs/kr/parts/communication/rc-300,https://docs.robotis.com/ko/,301
https://emanual.robotis.com/docs/kr/parts/communication/zig-110,https://docs.robotis.com/ko/,301
https://emanual.robotis.com/docs/kr/parts/communication/zig2serial,https://docs.robotis.com/ko/,301
https://emanual.robotis.com/docs/kr/parts/controller/cm-100,https://docs.robotis.com/ko/docs/parts/controller/controller_compatibility/,301
https://emanual.robotis.com/docs/kr/parts/controller/cm-150,https://docs.robotis.com/ko/docs/parts/controller/controller_compatibility/,301
https://emanual.robotis.com/docs/kr/parts/controller/cm-151,https://docs.robotis.com/ko/docs/parts/controller/controller_compatibility/,301
https://emanual.robotis.com/docs/kr/parts/controller/cm-200,https://docs.robotis.com/ko/docs/parts/controller/controller_compatibility/,301
https://emanual.robotis.com/docs/kr/parts/controller/cm-5,https://docs.robotis.com/ko/docs/parts/controller/controller_compatibility/,301
https://emanual.robotis.com/docs/kr/parts/controller/cm-50,https://docs.robotis.com/ko/docs/parts/controller/controller_compatibility/,301
https://emanual.robotis.com/docs/kr/parts/controller/cm-510,https://docs.robotis.com/ko/docs/parts/controller/controller_compatibility/,301
https://emanual.robotis.com/docs/kr/parts/controller/cm-530,https://docs.robotis.com/ko/docs/parts/controller/cm-530/,301
https://emanual.robotis.com/docs/kr/parts/controller/cm-550,https://docs.robotis.com/ko/docs/parts/controller/cm-550/,301
https://emanual.robotis.com/docs/kr/parts/controller/cm-700,https://docs.robotis.com/ko/docs/parts/controller/controller_compatibility/,301
https://emanual.robotis.com/docs/kr/parts/controller/cm-900,https://docs.robotis.com/ko/docs/parts/controller/controller_compatibility/,301
https://emanual.robotis.com/docs/kr/parts/controller/controller_compatibility,https://docs.robotis.com/ko/docs/parts/controller/controller_compatibility/,301
https://emanual.robotis.com/docs/kr/parts/controller/opencm485exp,https://docs.robotis.com/ko/docs/parts/controller/controller_compatibility/,301
https://emanual.robotis.com/docs/kr/parts/controller/opencm7,https://docs.robotis.com/ko/docs/parts/controller/controller_compatibility/,301
https://emanual.robotis.com/docs/kr/parts/controller/opencm904,https://docs.robotis.com/ko/docs/parts/controller/controller_compatibility/,301
https://emanual.robotis.com/docs/kr/parts/controller/opencr10,https://docs.robotis.com/ko/docs/parts/controller/opencr10/,301
https://emanual.robotis.com/docs/kr/parts/controller/openrb-150,https://docs.robotis.com/ko/docs/parts/controller/openrb-150/,301
https://emanual.robotis.com/docs/kr/parts/controller/rb-86,https://docs.robotis.com/ko/docs/parts/controller/controller_compatibility/,301
https://emanual.robotis.com/docs/kr/parts/controller/rb-88,https://docs.robotis.com/ko/docs/parts/controller/controller_compatibility/,301
https://emanual.robotis.com/docs/kr/parts/display,https://docs.robotis.com/ko/,301
https://emanual.robotis.com/docs/kr/parts/display/lm-10,https://docs.robotis.com/ko/,301
https://emanual.robotis.com/docs/kr/parts/interface,https://docs.robotis.com/ko/docs/parts/interface/u2d2/,301
https://emanual.robotis.com/docs/kr/parts/interface/dxl_bridge,https://docs.robotis.com/ko/docs/parts/interface/dxl_bridge/,301
https://emanual.robotis.com/docs/kr/parts/interface/dynamixel_shield,https://docs.robotis.com/ko/docs/parts/interface/dynamixel_shield/,301
https://emanual.robotis.com/docs/kr/parts/interface/ln-101,https://docs.robotis.com/ko/docs/parts/interface/u2d2/,301
https://emanual.robotis.com/docs/kr/parts/interface/mkr_shield,https://docs.robotis.com/ko/docs/parts/interface/mkr_shield/,301
https://emanual.robotis.com/docs/kr/parts/interface/u2d2,https://docs.robotis.com/ko/docs/parts/interface/u2d2/,301
https://emanual.robotis.com/docs/kr/parts/interface/u2d2_power_hub,https://docs.robotis.com/ko/docs/parts/interface/u2d2_power_hub/,301
https://emanual.robotis.com/docs/kr/parts/interface/usb2dynamixel,https://docs.robotis.com/ko/docs/parts/interface/u2d2/,301
https://emanual.robotis.com/docs/kr/parts/motor,https://docs.robotis.com/ko/,301
https://emanual.robotis.com/docs/kr/parts/motor/gm-10a,https://docs.robotis.com/ko/,301
https://emanual.robotis.com/docs/kr/parts/motor/h_speed_geared_motor,https://docs.robotis.com/ko/,301
https://emanual.robotis.com/docs/kr/parts/motor/l_speed_geared_motor,https://docs.robotis.com/ko/,301
https://emanual.robotis.com/docs/kr/parts/motor/servo_motor,https://docs.robotis.com/ko/,301
https://emanual.robotis.com/docs/kr/parts/sensor,https://docs.robotis.com/ko/,301
https://emanual.robotis.com/docs/kr/parts/sensor/ax-s1,https://docs.robotis.com/ko/,301
https://emanual.robotis.com/docs/kr/parts/sensor/cds-10,https://docs.robotis.com/ko/,301
https://emanual.robotis.com/docs/kr/parts/sensor/cs-10,https://docs.robotis.com/ko/,301
https://emanual.robotis.com/docs/kr/parts/sensor/dms-80,https://docs.robotis.com/ko/,301
https://emanual.robotis.com/docs/kr/parts/sensor/gs-12,https://docs.robotis.com/ko/,301
https://emanual.robotis.com/docs/kr/parts/sensor/ir-array,https://docs.robotis.com/ko/,301
https://emanual.robotis.com/docs/kr/parts/sensor/irss-10,https://docs.robotis.com/ko/,301
https://emanual.robotis.com/docs/kr/parts/sensor/mgss-10,https://docs.robotis.com/ko/,301
https://emanual.robotis.com/docs/kr/parts/sensor/pir-10,https://docs.robotis.com/ko/,301
https://emanual.robotis.com/docs/kr/parts/sensor/tms-10,https://docs.robotis.com/ko/,301
https://emanual.robotis.com/docs/kr/parts/sensor/tps-10,https://docs.robotis.com/ko/,301
https://emanual.robotis.com/docs/kr/parts/sensor/ts-10,https://docs.robotis.com/ko/,301
https://emanual.robotis.com/docs/kr/platform,https://docs.robotis.com/ko/,301
https://emanual.robotis.com/docs/kr/platform/ai_manipulator_main,https://docs.robotis.com/ko/,301
https://emanual.robotis.com/docs/kr/platform/manipulator_h/introduction,https://docs.robotis.com/ko/,301
https://emanual.robotis.com/docs/kr/platform/omy/overview,https://docs.robotis.com/ko/docs/systems/omy/imitation_learning/overview/,301
https://emanual.robotis.com/docs/kr/platform/op/getting_started,https://docs.robotis.com/ko/,301
https://emanual.robotis.com/docs/kr/platform/op2/getting_started,https://docs.robotis.com/ko/,301
https://emanual.robotis.com/docs/kr/platform/op3/introduction,https://docs.robotis.com/ko/docs/systems/op3/introduction/,301
https://emanual.robotis.com/docs/kr/platform/openmanipulator,https://docs.robotis.com/ko/docs/systems/openmanipulator_x/overview/,301
https://emanual.robotis.com/docs/kr/platform/openmanipulator_p/overview,https://docs.robotis.com/ko/docs/systems/openmanipulator_p/overview/,301
https://emanual.robotis.com/docs/kr/platform/openmanipulator_x/overview,https://docs.robotis.com/ko/docs/systems/openmanipulator_x/overview/,301
https://emanual.robotis.com/docs/kr/platform/rh_p12_rn,https://docs.robotis.com/ko/docs/systems/rh_p12_rn/,301
https://emanual.robotis.com/docs/kr/platform/rh_p12_rn_dr,https://docs.robotis.com/ko/,301
https://emanual.robotis.com/docs/kr/platform/rh_p12_rn_main,https://docs.robotis.com/ko/docs/systems/rh_p12_rn/,301
https://emanual.robotis.com/docs/kr/platform/rh_p12_rn_ur,https://docs.robotis.com/ko/docs/systems/rh_p12_rn/rh_p12_rn_ur/,301
https://emanual.robotis.com/docs/kr/platform/rh_p12_rn/examples,https://docs.robotis.com/ko/docs/systems/rh_p12_rn/,301
https://emanual.robotis.com/docs/kr/platform/rh_p12_rn/gazebo,https://docs.robotis.com/ko/docs/systems/rh_p12_rn/,301
https://emanual.robotis.com/docs/kr/platform/rh_p12_rna,https://docs.robotis.com/ko/docs/systems/rh_p12_rn/,301
https://emanual.robotis.com/docs/kr/platform/rh_p12_rna/examples,https://docs.robotis.com/ko/docs/systems/rh_p12_rn/,301
https://emanual.robotis.com/docs/kr/platform/rh_p12_rna/gazebo,https://docs.robotis.com/ko/docs/systems/rh_p12_rn/,301
https://emanual.robotis.com/docs/kr/platform/robothand_mx28,https://docs.robotis.com/ko/,301
https://emanual.robotis.com/docs/kr/platform/robothand_rx28,https://docs.robotis.com/ko/,301
https://emanual.robotis.com/docs/kr/platform/thormang3/introduction,https://docs.robotis.com/ko/docs/systems/thormang3/introduction/,301
https://emanual.robotis.com/docs/kr/platform/turtlebot3/overview,https://docs.robotis.com/ko/docs/systems/turtlebot3/overview/,301
https://emanual.robotis.com/docs/kr/popup/apk_install,https://docs.robotis.com/ko/,301
https://emanual.robotis.com/docs/kr/popup/cable_compatibility,https://docs.robotis.com/ko/docs/dxl/cable_compatibility/,301
https://emanual.robotis.com/docs/kr/popup/engineer/connect_controller_mobile,https://docs.robotis.com/ko/docs/edu/engineer/connect_controller_mobile/,301
https://emanual.robotis.com/docs/kr/popup/engineer/connect_controller_pc,https://docs.robotis.com/ko/docs/edu/engineer/connect_controller_pc/,301
https://emanual.robotis.com/docs/kr/popup/engineer/engineer_app_installation,https://docs.robotis.com/ko/docs/edu/engineer/engineer_app_installation/,301
https://emanual.robotis.com/docs/kr/popup/engineer/motion_download_mobile,https://docs.robotis.com/ko/docs/edu/engineer/motion_download_mobile/,301
https://emanual.robotis.com/docs/kr/popup/engineer/motion_download_pc,https://docs.robotis.com/ko/docs/edu/engineer/motion_download_pc/,301
https://emanual.robotis.com/docs/kr/popup/engineer/python_download_pc,https://docs.robotis.com/ko/docs/edu/engineer/python_download_pc/,301
https://emanual.robotis.com/docs/kr/popup/engineer/task_download_mobile,https://docs.robotis.com/ko/docs/edu/engineer/task_download_mobile/,301
https://emanual.robotis.com/docs/kr/popup/engineer/task_download_pc,https://docs.robotis.com/ko/docs/edu/engineer/task_download_pc/,301
https://emanual.robotis.com/docs/kr/popup/faq_protocol_compatibility_table,https://docs.robotis.com/ko/docs/dxl/protocol/faq_protocol_compatibility_table/,301
https://emanual.robotis.com/docs/kr/popup/usb_driver_install,https://docs.robotis.com/ko/docs/faq/usb_driver_install/,301
https://emanual.robotis.com/docs/kr/reference/dxl-selection-guide,https://docs.robotis.com/ko/,301
https://emanual.robotis.com/docs/kr/software,https://docs.robotis.com/ko/docs/software/overview/,301
https://emanual.robotis.com/docs/kr/software/arduino_ide,https://docs.robotis.com/ko/docs/software/arduino_ide/,301
https://emanual.robotis.com/docs/kr/software/dynamixel/dynamixel_sdk/overview,https://docs.robotis.com/ko/docs/software/dynamixel_sdk/overview/,301
https://emanual.robotis.com/docs/kr/software/dynamixel/dynamixel_wizard2,https://docs.robotis.com/ko/docs/software/dynamixel_wizard_2_0/introduction/,301
https://emanual.robotis.com/docs/kr/software/dynamixel/dynamixel_workbench,https://docs.robotis.com/ko/docs/software/dynamixel_workbench/,301
https://emanual.robotis.com/docs/kr/software/embedded_sdk,https://docs.robotis.com/ko/docs/software/overview/,301
https://emanual.robotis.com/docs/kr/software/embedded_sdk/embedded_c_cm510,https://docs.robotis.com/ko/docs/software/overview/,301
https://emanual.robotis.com/docs/kr/software/embedded_sdk/embedded_c_cm530,https://docs.robotis.com/ko/docs/software/overview/,301
https://emanual.robotis.com/docs/kr/software/embedded_sdk/zigbee_sdk,https://docs.robotis.com/ko/docs/software/overview/,301
https://emanual.robotis.com/docs/kr/software/mobile_app/mini_app,https://docs.robotis.com/ko/docs/software/overview/,301
https://emanual.robotis.com/docs/kr/software/mobile_app/rplusiot,https://docs.robotis.com/ko/docs/software/overview/,301
https://emanual.robotis.com/docs/kr/software/mobile_app/rplussmart,https://docs.robotis.com/ko/docs/software/overview/,301
https://emanual.robotis.com/docs/kr/software/opencm_ide/api_reference,https://docs.robotis.com/ko/docs/software/overview/,301
https://emanual.robotis.com/docs/kr/software/opencm_ide/getting_started,https://docs.robotis.com/ko/docs/software/overview/,301
https://emanual.robotis.com/docs/kr/software/robotis_manipulator_libs,https://docs.robotis.com/ko/docs/software/overview/,301
https://emanual.robotis.com/docs/kr/software/rplus_mobile/mdesign,https://docs.robotis.com/ko/docs/software/overview/,301
https://emanual.robotis.com/docs/kr/software/rplus_mobile/mmotion,https://docs.robotis.com/ko/docs/software/overview/,301
https://emanual.robotis.com/docs/kr/software/rplus_mobile/mtask,https://docs.robotis.com/ko/docs/software/overview/,301
https://emanual.robotis.com/docs/kr/software/rplus_mobile/mtask20,https://docs.robotis.com/ko/docs/software/overview/,301
https://emanual.robotis.com/docs/kr/software/rplus1/dynamixel_wizard,https://docs.robotis.com/ko/docs/software/rplus_1_0/dynamixel_wizard/,301
https://emanual.robotis.com/docs/kr/software/rplus1/manager,https://docs.robotis.com/ko/docs/software/rplus_1_0/rplus_task/getting_started/,301
https://emanual.robotis.com/docs/kr/software/rplus1/motion,https://docs.robotis.com/ko/docs/software/rplus_1_0/rplus_task/getting_started/,301
https://emanual.robotis.com/docs/kr/software/rplus1/task/getting_started,https://docs.robotis.com/ko/docs/software/rplus_1_0/rplus_task/getting_started/,301
https://emanual.robotis.com/docs/kr/software/rplus1/task/programming_01,https://docs.robotis.com/ko/docs/software/rplus_1_0/rplus_task/programming_01/,301
https://emanual.robotis.com/docs/kr/software/rplus1/task/programming_02,https://docs.robotis.com/ko/docs/software/rplus_1_0/rplus_task/programming_02/,301
https://emanual.robotis.com/docs/kr/software/rplus1/task/task_misc,https://docs.robotis.com/ko/docs/software/rplus_1_0/rplus_task/task_misc/,301
https://emanual.robotis.com/docs/kr/software/rplus1/terminal,https://docs.robotis.com/ko/docs/software/rplus_1_0/rplus_task/getting_started/,301
https://emanual.robotis.com/docs/kr/software/rplus2/design,https://docs.robotis.com/ko/docs/software/rplus_manager_2_0/,301
https://emanual.robotis.com/docs/kr/software/rplus2/manager,https://docs.robotis.com/ko/docs/software/rplus_manager_2_0/,301
https://emanual.robotis.com/docs/kr/software/rplus2/motion,https://docs.robotis.com/ko/docs/software/rplus_manager_2_0/,301
https://emanual.robotis.com/docs/kr/software/rplus2/rplus2_block,https://docs.robotis.com/ko/docs/software/rplus_manager_2_0/,301
https://emanual.robotis.com/docs/kr/software/rplus2/scratch,https://docs.robotis.com/ko/docs/software/rplus_manager_2_0/,301
https://emanual.robotis.com/docs/kr/software/rplus2/task,https://docs.robotis.com/ko/docs/software/rplus_manager_2_0/,301
https://emanual.robotis.com/docs/kr/software/rplustask3,https://docs.robotis.com/ko/docs/software/rplus_task_3_0/,301
https://emanual.robotis.com/docs/kr/software/rplustask3/motion_programming,https://docs.robotis.com/ko/docs/software/rplus_task_3_0/motion_programming/,301
https://emanual.robotis.com/docs/kr/software/rplustask3/python_api,https://docs.robotis.com/ko/docs/software/rplus_task_3_0/python_api/,301
https://emanual.robotis.com/docs/kr/software/rplustask3/task_instructions,https://docs.robotis.com/ko/docs/software/rplus_task_3_0/task_instructions/,301
https://emanual.robotis.com/docs/kr/software/rplustask3/task_parameters,https://docs.robotis.com/ko/docs/software/rplus_task_3_0/task_parameters/,301
https://emanual.robotis.com/docs/kr/software/rplustask3/task_programming,https://docs.robotis.com/ko/docs/software/rplus_task_3_0/task_programming/,301
https://emanual.robotis.com/docs/kr/software/rplustask3/useful_tips,https://docs.robotis.com/ko/docs/software/rplus_task_3_0/useful_tips/,301
https://emanual.robotis.com/docs/turtlebot3_textbook,https://docs.robotis.com/ko/docs/systems/turtlebot3/overview/,301
https://emanual.robotis.com/en/arduino_ide,https://docs.robotis.com/docs/software/arduino_ide/,301
https://emanual.robotis.com/en/dynamixel_sdk,https://docs.robotis.com/docs/software/dynamixel_sdk/overview/,301
https://emanual.robotis.com/en/dynamixel_wizard2,https://docs.robotis.com/docs/software/dynamixel_wizard_2_0/introduction/,301
https://emanual.robotis.com/engineer,https://docs.robotis.com/docs/edu/engineer/kit1/,301
https://emanual.robotis.com/kr/arduino_ide,https://docs.robotis.com/ko/docs/software/arduino_ide/,301
https://emanual.robotis.com/kr/dynamixel_sdk,https://docs.robotis.com/ko/docs/software/dynamixel_sdk/overview/,301
https://emanual.robotis.com/kr/dynamixel_wizard2,https://docs.robotis.com/ko/docs/software/dynamixel_wizard_2_0/introduction/,301
https://emanual.robotis.com/openmanipulator,https://docs.robotis.com/docs/systems/openmanipulator_x/assembly/,301
https://emanual.robotis.com/smart3,https://docs.robotis.com/ko/docs/software/overview/,301
